院系名称_法学院,学历(生源信息)_博士生毕业,毕业人数_12,就业数_12,毕业去向落实率_1,签约人数_12,签约率_1,总升学人数_-,总升学率_0,境内升学人数_-,境内升学率_0,境外升学人数_-,境外升学率_0,年份
,本科生毕业,129,51,0.3953,13,0.1008,38,0.2946,33,0.2558,5,0.0388,2026
,小计,341,132,0.3871,94,0.2757,38,0.1114,33,0.0968,5,0.0147,2026
马克思主义学院,博士生毕业,5,-,0.0,-,0.0,-,0.0,-,0.0,-,0.0,2026
,硕士生毕业,49,11,0.2245,11,0.2245,-,0.0,-,0.0,-,0.0,2026
,小计,54,11,0.2037,11,0.2037,-,0.0,-,0.0,-,0.0,2026
建筑城规学院,博士生毕业,2,-,0.0,-,0.0,-,0.0,-,0.0,-,0.0,2026
,硕士生毕业,224,123,0.5491,123,0.5491,-,0.0,-,0.0,-,0.0,2026
,本科生毕业,213,82,0.385,17,0.0798,65,0.3052,54,0.2535,11,0.0516,2026
,小计,439,205,0.467,140,0.3189,65,0.1481,54,0.123,11,0.0251,2026
环境与生态学院,博士生毕业,24,2,0.0833,2,0.0833,-,0.0,-,0.0,-,0.0,2026
,硕士生毕业,233,121,0.5193,121,0.5193,-,0.0,-,0.0,-,0.0,2026
,本科生毕业,211,80,0.3791,25,0.1185,55,0.2607,55,0.2607,-,0.0,2026
,小计,468,203,0.4338,148,0.3162,55,0.1175,55,0.1175,-,0.0,2026
化学化工学院,博士生毕业,12,8,0.6667,8,0.6667,-,0.0,-,0.0,-,0.0,2026
,硕士生毕业,172,130,0.7558,130,0.7558,-,0.0,-,0.0,-,0.0,2026
,本科生毕业,148,58,0.3919,15,0.1014,43,0.2905,43,0.2905,-,0.0,2026
,小计,332,196,0.5904,153,0.4608,43,0.1295,43,0.1295,-,0.0,2026
艺术学院,硕士生毕业,81,33,0.4074,32,0.3951,-,0.0,-,0.0,-,0.0,2026
,本科生毕业,245,86,0.351,26,0.1061,51,0.2082,47,0.1918,4,0.0163,2026
,小计,326,119,0.365,58,0.1779,51,0.1564,47,0.1442,4,0.0123,2026
管理科学与房地产学院,博士生毕业,3,2,0.6667,2,0.6667,-,0.0,-,0.0,-,0.0,2026
,硕士生毕业,211,163,0.7725,163,0.7725,-,0.0,-,0.0,-,0.0,2026
,本科生毕业,233,130,0.5579,64,0.2747,66,0.2833,55,0.2361,11,0.0472,2026
,小计,447,295,0.66,229,0.5123,66,0.1477,55,0.123,11,0.0246,2026
航空航天学院,博士生毕业,7,4,0.5714,4,0.5714,-,0.0,-,0.0,-,0.0,2026
,硕士生毕业,78,52,0.6667,52,0.6667,-,0.0,-,0.0,-,0.0,2026
,本科生毕业,128,47,0.3672,11,0.0859,36,0.2813,35,0.2734,1,0.0078,2026
,小计,213,103,0.4836,67,0.3146,36,0.169,35,0.1643,1,0.0047,2026
材料科学与工程学院,博士生毕业,25,21,0.84,21,0.84,-,0.0,-,0.0,-,0.0,2026
,硕士生毕业,287,218,0.7596,218,0.7596,-,0.0,-,0.0,-,0.0,2026
,本科生毕业,316,138,0.4367,53,0.1677,85,0.269,84,0.2658,1,0.0032,2026
,小计,628,377,0.6003,292,0.465,85,0.1354,84,0.1338,1,0.0016,2026
经济与工商管理学院,博士生毕业,2,-,0.0,-,0.0,-,0.0,-,0.0,-,0.0,2026
,硕士生毕业,201,137,0.6816,137,0.6816,-,0.0,-,0.0,-,0.0,2026
,本科生毕业,250,93,0.372,33,0.132,60,0.24,60,0.24,-,0.0,2026
,小计,453,230,0.5077,170,0.3753,60,0.1325,60,0.1325,-,0.0,2026
公共管理学院,博士生毕业,6,1,0.1667,1,0.1667,-,0.0,-,0.0,-,0.0,2026
,硕士生毕业,125,56,0.448,56,0.448,-,0.0,-,0.0,-,0.0,2026
,本科生毕业,156,51,0.3269,17,0.109,34,0.2179,34,0.2179,-,0.0,2026
,小计,287,108,0.3763,74,0.2578,34,0.1185,34,0.1185,-,0.0,2026
微电子与通信工程学院,博士生毕业,4,3,0.75,3,0.75,-,0.0,-,0.0,-,0.0,2026
,硕士生毕业,161,146,0.9068,146,0.9068,-,0.0,-,0.0,-,0.0,2026
,本科生毕业,276,110,0.3986,36,0.1304,74,0.2681,72,0.2609,2,0.0072,2026
,小计,441,259,0.5873,185,0.4195,74,0.1678,72,0.1633,2,0.0045,2026
计算机学院,博士生毕业,12,8,0.6667,8,0.6667,-,0.0,-,0.0,-,0.0,2026
,硕士生毕业,168,138,0.8214,133,0.7917,5,0.0298,2,0.0119,3,0.0179,2026
,本科生毕业,316,140,0.443,52,0.1646,88,0.2785,85,0.269,3,0.0095,2026
,小计,496,286,0.5766,193,0.3891,93,0.1875,87,0.1754,6,0.0121,2026
土木工程学院,博士生毕业,10,6,0.6,6,0.6,-,0.0,-,0.0,-,0.0,2026
,硕士生毕业,467,300,0.6424,300,0.6424,-,0.0,-,0.0,-,0.0,2026
,本科生毕业,406,251,0.6182,139,0.3424,112,0.2759,109,0.2685,3,0.0074,2026
,小计,883,557,0.6308,445,0.504,112,0.1268,109,0.1234,3,0.0034,2026
大数据与软件学院,博士生毕业,8,2,0.25,2,0.25,-,0.0,-,0.0,-,0.0,2026
,硕士生毕业,101,73,0.7228,73,0.7228,-,0.0,-,0.0,-,0.0,2026
,本科生毕业,242,101,0.4174,35,0.1446,66,0.2727,66,0.2727,-,0.0,2026
,小计,351,176,0.5014,110,0.3134,66,0.188,66,0.188,-,0.0,2026
生命科学学院,硕士生毕业,63,17,0.2698,17,0.2698,-,0.0,-,0.0,-,0.0,2026
,本科生毕业,30,10,0.3333,-,0.0,10,0.3333,9,0.3,1,0.0333,2026
,小计,93,27,0.2903,17,0.1828,10,0.1075,9,0.0968,1,0.0108,2026
机械与运载工程学院,博士生毕业,17,11,0.6471,11,0.6471,-,0.0,-,0.0,-,0.0,2026
,硕士生毕业,516,467,0.905,466,0.9031,1,0.0019,-,0.0,1,0.0019,2026
,本科生毕业,542,247,0.4557,97,0.179,150,0.2768,150,0.2768,-,0.0,2026
,小计,1075,725,0.6744,574,0.534,151,0.1405,150,0.1395,1,0.0009,2026
资源与安全学院,博士生毕业,9,6,0.6667,6,0.6667,-,0.0,-,0.0,-,0.0,2026
,硕士生毕业,131,87,0.6641,87,0.6641,-,0.0,-,0.0,-,0.0,2026
,本科生毕业,119,68,0.5714,34,0.2857,34,0.2857,34,0.2857,-,0.0,2026
,小计,259,161,0.6216,127,0.4903,34,0.1313,34,0.1313,-,0.0,2026
生物工程学院,博士生毕业,7,1,0.1429,1,0.1429,-,0.0,-,0.0,-,0.0,2026
,硕士生毕业,152,46,0.3026,45,0.2961,1,0.0066,-,0.0,1,0.0066,2026
,硕士生结业,1,-,0.0,-,0.0,-,0.0,-,0.0,-,0.0,2026
,本科生毕业,133,42,0.3158,8,0.0602,34,0.2556,34,0.2556,-,0.0,2026
,小计,293,89,0.3038,54,0.1843,35,0.1195,34,0.116,1,0.0034,2026
新闻学院,博士生毕业,6,-,0.0,-,0.0,-,0.0,-,0.0,-,0.0,2026
,硕士生毕业,89,42,0.4719,42,0.4719,-,0.0,-,0.0,-,0.0,2026
,本科生毕业,127,43,0.3386,13,0.1024,30,0.2362,28,0.2205,2,0.0157,2026
,小计,222,85,0.3829,55,0.2477,30,0.1351,28,0.1261,2,0.009,2026
光电工程学院,博士生毕业,12,10,0.8333,10,0.8333,-,0.0,-,0.0,-,0.0,2026
,硕士生毕业,186,164,0.8817,164,0.8817,-,0.0,-,0.0,-,0.0,2026
,本科生毕业,201,96,0.4776,34,0.1692,62,0.3085,61,0.3035,1,0.005,2026
,小计,399,270,0.6767,208,0.5213,62,0.1554,61,0.1529,1,0.0025,2026
自动化学院,博士生毕业,6,4,0.6667,4,0.6667,-,0.0,-,0.0,-,0.0,2026
,硕士生毕业,183,157,0.8579,157,0.8579,-,0.0,-,0.0,-,0.0,2026
,本科生毕业,259,141,0.5444,72,0.278,69,0.2664,69,0.2664,-,0.0,2026
,小计,448,302,0.6741,233,0.5201,69,0.154,69,0.154,-,0.0,2026
数学与统计学院,博士生毕业,4,1,0.25,1,0.25,-,0.0,-,0.0,-,0.0,2026
,硕士生毕业,114,59,0.5175,59,0.5175,-,0.0,-,0.0,-,0.0,2026
,本科生毕业,170,93,0.5471,11,0.0647,82,0.4824,75,0.4412,7,0.0412,2026
,小计,288,153,0.5313,71,0.2465,82,0.2847,75,0.2604,7,0.0243,2026
物理学院,博士生毕业,1,1,1.0,1,1.0,-,0.0,-,0.0,-,0.0,2026
,硕士生毕业,78,38,0.4872,38,0.4872,-,0.0,-,0.0,-,0.0,2026
,本科生毕业,158,78,0.4937,9,0.057,69,0.4367,67,0.4241,2,0.0127,2026
,小计,237,117,0.4937,48,0.2025,69,0.2911,67,0.2827,2,0.0084,2026
药学院,博士生毕业,2,-,0.0,-,0.0,-,0.0,-,0.0,-,0.0,2026
,硕士生毕业,88,41,0.4659,40,0.4545,1,0.0114,-,0.0,1,0.0114,2026
,本科生毕业,54,20,0.3704,6,0.1111,14,0.2593,14,0.2593,-,0.0,2026
,小计,144,61,0.4236,46,0.3194,15,0.1042,14,0.0972,1,0.0069,2026
重庆大学-辛辛那提大学联合学院,本科生毕业,95,51,0.5368,15,0.1579,36,0.3789,27,0.2842,9,0.0947,2026
能源与动力工程学院,博士生毕业,15,13,0.8667,13,0.8667,-,0.0,-,0.0,-,0.0,2026
,硕士生毕业,183,157,0.8579,157,0.8579,-,0.0,-,0.0,-,0.0,2026
,本科生毕业,251,134,0.5339,52,0.2072,82,0.3267,81,0.3227,1,0.004,2026
,小计,449,304,0.6771,222,0.4944,82,0.1826,81,0.1804,1,0.0022,2026
电气工程学院,博士生毕业,50,36,0.72,36,0.72,-,0.0,-,0.0,-,0.0,2026
,硕士生毕业,331,322,0.9728,321,0.9698,1,0.003,1,0.003,-,0.0,2026
,本科生毕业,318,196,0.6164,91,0.2862,105,0.3302,105,0.3302,-,0.0,2026
,小计,699,554,0.7926,448,0.6409,106,0.1516,106,0.1516,-,0.0,2026
体育学院,硕士生毕业,12,1,0.0833,1,0.0833,-,0.0,-,0.0,-,0.0,2026
,本科生毕业,30,9,0.3,3,0.1,6,0.2,6,0.2,-,0.0,2026
,小计,42,10,0.2381,4,0.0952,6,0.1429,6,0.1429,-,0.0,2026
美视电影学院,硕士生毕业,49,14,0.2857,12,0.2449,-,0.0,-,0.0,-,0.0,2026
,本科生毕业,239,90,0.3766,32,0.1339,57,0.2385,49,0.205,8,0.0335,2026
,小计,288,104,0.3611,44,0.1528,57,0.1979,49,0.1701,8,0.0278,2026
外国语学院,博士生毕业,8,-,0.0,-,0.0,-,0.0,-,0.0,-,0.0,2026
,硕士生毕业,96,42,0.4375,40,0.4167,1,0.0104,-,0.0,1,0.0104,2026
,本科生毕业,117,51,0.4359,17,0.1453,34,0.2906,28,0.2393,6,0.0513,2026
,小计,221,93,0.4208,57,0.2579,35,0.1584,28,0.1267,7,0.0317,2026
博雅学院&人文社会科学高等研究院,硕士生毕业,39,14,0.359,14,0.359,-,0.0,-,0.0,-,0.0,2026
,本科生毕业,64,29,0.4531,7,0.1094,22,0.3438,22,0.3438,-,0.0,2026
,小计,103,43,0.4175,21,0.2039,22,0.2136,22,0.2136,-,0.0,2026
弘深学院,本科生毕业,83,57,0.6867,3,0.0361,54,0.6506,53,0.6386,1,0.012,2026
医学院,博士生毕业,4,-,0.0,-,0.0,-,0.0,-,0.0,-,0.0,2026
,硕士生毕业,93,10,0.1075,10,0.1075,-,0.0,-,0.0,-,0.0,2026
,小计,97,10,0.1031,10,0.1031,-,0.0,-,0.0,-,0.0,2026
国家卓越工程师学院,硕士生毕业,80,63,0.7875,62,0.775,-,0.0,-,0.0,-,0.0,2026
,本科生毕业,60,41,0.6833,13,0.2167,28,0.4667,25,0.4167,3,0.05,2026
,小计,140,104,0.7429,75,0.5357,28,0.2,25,0.1786,3,0.0214,2026
,本科生毕业,138,104,0.7536,41,0.2971,55,0.3986,45,0.3261,10,0.0725,2025
,小计,343,290,0.8455,222,0.6472,59,0.172,48,0.1399,11,0.0321,2025
马克思主义学院,博士生毕业,5,5,1.0,5,1.0,-,0.0,-,0.0,-,0.0,2025
,硕士生毕业,41,37,0.9024,32,0.7805,5,0.122,5,0.122,-,0.0,2025
,小计,46,42,0.913,37,0.8043,5,0.1087,5,0.1087,-,0.0,2025
建筑城规学院,博士生毕业,10,6,0.6,6,0.6,-,0.0,-,0.0,-,0.0,2025
,硕士生毕业,216,188,0.8704,176,0.8148,5,0.0231,5,0.0231,-,0.0,2025
,本科生毕业,216,167,0.7731,44,0.2037,121,0.5602,97,0.4491,24,0.1111,2025
,小计,442,361,0.8167,226,0.5113,126,0.2851,102,0.2308,24,0.0543,2025
环境与生态学院,博士生毕业,25,23,0.92,23,0.92,-,0.0,-,0.0,-,0.0,2025
,硕士生毕业,223,220,0.9865,185,0.8296,26,0.1166,24,0.1076,2,0.009,2025
,本科生毕业,212,207,0.9764,64,0.3019,140,0.6604,99,0.467,41,0.1934,2025
,小计,460,450,0.9783,272,0.5913,166,0.3609,123,0.2674,43,0.0935,2025
化学化工学院,博士生毕业,43,38,0.8837,38,0.8837,-,0.0,-,0.0,-,0.0,2025
,硕士生毕业,173,171,0.9884,155,0.896,16,0.0925,11,0.0636,5,0.0289,2025
,本科生毕业,140,115,0.8214,50,0.3571,65,0.4643,60,0.4286,5,0.0357,2025
,小计,356,324,0.9101,243,0.6826,81,0.2275,71,0.1994,10,0.0281,2025
艺术学院,硕士生毕业,80,71,0.8875,52,0.65,4,0.05,2,0.025,2,0.025,2025
,本科生毕业,245,205,0.8367,70,0.2857,71,0.2898,52,0.2122,19,0.0776,2025
,小计,325,276,0.8492,122,0.3754,75,0.2308,54,0.1662,21,0.0646,2025
管理科学与房地产学院,博士生毕业,15,11,0.7333,11,0.7333,-,0.0,-,0.0,-,0.0,2025
,硕士生毕业,367,362,0.9864,346,0.9428,16,0.0436,7,0.0191,9,0.0245,2025
,本科生毕业,237,223,0.9409,109,0.4599,112,0.4726,100,0.4219,12,0.0506,2025
,小计,619,596,0.9628,466,0.7528,128,0.2068,107,0.1729,21,0.0339,2025
航空航天学院,博士生毕业,15,14,0.9333,14,0.9333,-,0.0,-,0.0,-,0.0,2025
,硕士生毕业,70,68,0.9714,58,0.8286,10,0.1429,8,0.1143,2,0.0286,2025
,本科生毕业,120,99,0.825,26,0.2167,73,0.6083,69,0.575,4,0.0333,2025
,小计,205,181,0.8829,98,0.478,83,0.4049,77,0.3756,6,0.0293,2025
材料科学与工程学院,博士生毕业,65,56,0.8615,56,0.8615,-,0.0,-,0.0,-,0.0,2025
,博士生结业,3,1,0.3333,1,0.3333,-,0.0,-,0.0,-,0.0,2025
,硕士生毕业,275,266,0.9673,238,0.8655,28,0.1018,23,0.0836,5,0.0182,2025
,硕士生结业,2,-,0.0,-,0.0,-,0.0,-,0.0,-,0.0,2025
,本科生毕业,281,221,0.7865,114,0.4057,106,0.3772,104,0.3701,2,0.0071,2025
,小计,626,544,0.869,409,0.6534,134,0.2141,127,0.2029,7,0.0112,2025
经济与工商管理学院,博士生毕业,33,28,0.8485,28,0.8485,-,0.0,-,0.0,-,0.0,2025
,硕士生毕业,736,726,0.9864,720,0.9783,5,0.0068,5,0.0068,-,0.0,2025
,本科生毕业,276,260,0.942,111,0.4022,149,0.5399,99,0.3587,50,0.1812,2025
,小计,1045,1014,0.9703,859,0.822,154,0.1474,104,0.0995,50,0.0478,2025
公共管理学院,博士生毕业,20,15,0.75,15,0.75,-,0.0,-,0.0,-,0.0,2025
,博士生结业,2,-,0.0,-,0.0,-,0.0,-,0.0,-,0.0,2025
,硕士生毕业,378,358,0.9471,348,0.9206,10,0.0265,7,0.0185,3,0.0079,2025
,本科生毕业,161,142,0.882,80,0.4969,61,0.3789,45,0.2795,16,0.0994,2025
,小计,561,515,0.918,443,0.7897,71,0.1266,52,0.0927,19,0.0339,2025
微电子与通信工程学院,博士生毕业,10,10,1.0,10,1.0,-,0.0,-,0.0,-,0.0,2025
,硕士生毕业,163,162,0.9939,151,0.9264,11,0.0675,9,0.0552,2,0.0123,2025
,本科生毕业,282,261,0.9255,100,0.3546,161,0.5709,123,0.4362,38,0.1348,2025
,小计,455,433,0.9516,261,0.5736,172,0.378,132,0.2901,40,0.0879,2025
计算机学院,博士生毕业,15,13,0.8667,13,0.8667,-,0.0,-,0.0,-,0.0,2025
,硕士生毕业,167,165,0.988,156,0.9341,7,0.0419,5,0.0299,2,0.012,2025
,本科生毕业,315,276,0.8762,114,0.3619,159,0.5048,138,0.4381,21,0.0667,2025
,小计,497,454,0.9135,283,0.5694,166,0.334,143,0.2877,23,0.0463,2025
土木工程学院,博士生毕业,77,71,0.9221,70,0.9091,1,0.013,1,0.013,-,0.0,2025
,硕士生毕业,446,416,0.9327,368,0.8251,48,0.1076,37,0.083,11,0.0247,2025
,本科生毕业,525,437,0.8324,219,0.4171,216,0.4114,206,0.3924,10,0.019,2025
,本科生结业,1,-,0.0,-,0.0,-,0.0,-,0.0,-,0.0,2025
,小计,1049,924,0.8808,657,0.6263,265,0.2526,244,0.2326,21,0.02,2025
大数据与软件学院,博士生毕业,7,6,0.8571,6,0.8571,-,0.0,-,0.0,-,0.0,2025
,硕士生毕业,102,101,0.9902,91,0.8922,10,0.098,7,0.0686,3,0.0294,2025
,本科生毕业,250,228,0.912,72,0.288,155,0.62,119,0.476,36,0.144,2025
,小计,359,335,0.9331,169,0.4708,165,0.4596,126,0.351,39,0.1086,2025
生命科学学院,博士生毕业,9,6,0.6667,6,0.6667,-,0.0,-,0.0,-,0.0,2025
,博士生结业,2,-,0.0,-,0.0,-,0.0,-,0.0,-,0.0,2025
,硕士生毕业,54,45,0.8333,38,0.7037,7,0.1296,6,0.1111,1,0.0185,2025
,硕士生结业,1,-,0.0,-,0.0,-,0.0,-,0.0,-,0.0,2025
,本科生毕业,40,34,0.85,11,0.275,22,0.55,18,0.45,4,0.1,2025
,小计,106,85,0.8019,55,0.5189,29,0.2736,24,0.2264,5,0.0472,2025
机械与运载工程学院,博士生毕业,65,58,0.8923,58,0.8923,-,0.0,-,0.0,-,0.0,2025
,硕士生毕业,488,486,0.9959,459,0.9406,27,0.0553,25,0.0512,2,0.0041,2025
,本科生毕业,549,486,0.8852,152,0.2769,332,0.6047,310,0.5647,22,0.0401,2025
,小计,1102,1030,0.9347,669,0.6071,359,0.3258,335,0.304,24,0.0218,2025
资源与安全学院,博士生毕业,30,25,0.8333,25,0.8333,-,0.0,-,0.0,-,0.0,2025
,硕士生毕业,139,132,0.9496,120,0.8633,12,0.0863,10,0.0719,2,0.0144,2025
,本科生毕业,83,76,0.9157,44,0.5301,31,0.3735,29,0.3494,2,0.0241,2025
,小计,252,233,0.9246,189,0.75,43,0.1706,39,0.1548,4,0.0159,2025
生物工程学院,博士生毕业,35,31,0.8857,31,0.8857,-,0.0,-,0.0,-,0.0,2025
,硕士生毕业,169,131,0.7751,109,0.645,22,0.1302,21,0.1243,1,0.0059,2025
,硕士生结业,1,-,0.0,-,0.0,-,0.0,-,0.0,-,0.0,2025
,本科生毕业,130,100,0.7692,12,0.0923,88,0.6769,84,0.6462,4,0.0308,2025
,小计,335,262,0.7821,152,0.4537,110,0.3284,105,0.3134,5,0.0149,2025
新闻学院,博士生毕业,4,3,0.75,3,0.75,-,0.0,-,0.0,-,0.0,2025
,硕士生毕业,91,78,0.8571,72,0.7912,5,0.0549,4,0.044,1,0.011,2025
,本科生毕业,103,80,0.7767,47,0.4563,31,0.301,26,0.2524,5,0.0485,2025
,小计,198,161,0.8131,122,0.6162,36,0.1818,30,0.1515,6,0.0303,2025
光电工程学院,博士生毕业,32,29,0.9063,29,0.9063,-,0.0,-,0.0,-,0.0,2025
,博士生结业,1,1,1.0,1,1.0,-,0.0,-,0.0,-,0.0,2025
,硕士生毕业,166,164,0.988,152,0.9157,12,0.0723,8,0.0482,4,0.0241,2025
,本科生毕业,142,129,0.9085,72,0.507,56,0.3944,53,0.3732,3,0.0211,2025
,小计,341,323,0.9472,254,0.7449,68,0.1994,61,0.1789,7,0.0205,2025
自动化学院,博士生毕业,19,18,0.9474,16,0.8421,2,0.1053,-,0.0,2,0.1053,2025
,硕士生毕业,171,170,0.9942,162,0.9474,8,0.0468,7,0.0409,1,0.0058,2025
,本科生毕业,267,245,0.9176,130,0.4869,115,0.4307,109,0.4082,6,0.0225,2025
,小计,457,433,0.9475,308,0.674,125,0.2735,116,0.2538,9,0.0197,2025
数学与统计学院,博士生毕业,15,14,0.9333,14,0.9333,-,0.0,-,0.0,-,0.0,2025
,硕士生毕业,114,108,0.9474,103,0.9035,4,0.0351,3,0.0263,1,0.0088,2025
,本科生毕业,220,199,0.9045,58,0.2636,132,0.6,118,0.5364,14,0.0636,2025
,小计,349,321,0.9198,175,0.5014,136,0.3897,121,0.3467,15,0.043,2025
物理学院,博士生毕业,24,24,1.0,24,1.0,-,0.0,-,0.0,-,0.0,2025
,博士生结业,1,1,1.0,-,0.0,1,1.0,-,0.0,1,1.0,2025
,硕士生毕业,65,62,0.9538,54,0.8308,8,0.1231,8,0.1231,-,0.0,2025
,本科生毕业,157,130,0.828,50,0.3185,80,0.5096,72,0.4586,8,0.051,2025
,小计,247,217,0.8785,128,0.5182,89,0.3603,80,0.3239,9,0.0364,2025
药学院,博士生毕业,9,7,0.7778,7,0.7778,-,0.0,-,0.0,-,0.0,2025
,硕士生毕业,64,62,0.9688,49,0.7656,13,0.2031,11,0.1719,2,0.0313,2025
,本科生毕业,57,49,0.8596,13,0.2281,36,0.6316,36,0.6316,-,0.0,2025
,小计,130,118,0.9077,69,0.5308,49,0.3769,47,0.3615,2,0.0154,2025
重庆大学-辛辛那提大学联合学院,本科生毕业,102,98,0.9608,18,0.1765,79,0.7745,31,0.3039,48,0.4706,2025
能源与动力工程学院,博士生毕业,28,25,0.8929,25,0.8929,-,0.0,-,0.0,-,0.0,2025
,硕士生毕业,165,163,0.9879,151,0.9152,11,0.0667,10,0.0606,1,0.0061,2025
,本科生毕业,232,218,0.9397,60,0.2586,158,0.681,147,0.6336,11,0.0474,2025
,小计,425,406,0.9553,236,0.5553,169,0.3976,157,0.3694,12,0.0282,2025
电气工程学院,博士生毕业,45,43,0.9556,43,0.9556,-,0.0,-,0.0,-,0.0,2025
,硕士生毕业,292,289,0.9897,278,0.9521,11,0.0377,11,0.0377,-,0.0,2025
,本科生毕业,315,304,0.9651,130,0.4127,174,0.5524,171,0.5429,3,0.0095,2025
,小计,652,636,0.9755,451,0.6917,185,0.2837,182,0.2791,3,0.0046,2025
体育学院,硕士生毕业,16,15,0.9375,15,0.9375,-,0.0,-,0.0,-,0.0,2025
,本科生毕业,28,24,0.8571,14,0.5,8,0.2857,8,0.2857,-,0.0,2025
,小计,44,39,0.8864,29,0.6591,8,0.1818,8,0.1818,-,0.0,2025
美视电影学院,硕士生毕业,74,65,0.8784,51,0.6892,-,0.0,-,0.0,-,0.0,2025
,本科生毕业,244,212,0.8689,53,0.2172,97,0.3975,59,0.2418,38,0.1557,2025
,小计,318,277,0.8711,104,0.327,97,0.305,59,0.1855,38,0.1195,2025
外国语学院,硕士生毕业,59,50,0.8475,45,0.7627,5,0.0847,4,0.0678,1,0.0169,2025
,本科生毕业,121,102,0.843,37,0.3058,55,0.4545,40,0.3306,15,0.124,2025
,小计,180,152,0.8444,82,0.4556,60,0.3333,44,0.2444,16,0.0889,2025
博雅学院&人文社会科学高等研究院,硕士生毕业,40,35,0.875,34,0.85,1,0.025,1,0.025,-,0.0,2025
,本科生毕业,56,43,0.7679,13,0.2321,30,0.5357,24,0.4286,6,0.1071,2025
,小计,96,78,0.8125,47,0.4896,31,0.3229,25,0.2604,6,0.0625,2025
医学院,博士生毕业,4,4,1.0,4,1.0,-,0.0,-,0.0,-,0.0,2025
,硕士生毕业,90,74,0.8222,55,0.6111,19,0.2111,17,0.1889,2,0.0222,2025
,硕士生结业,1,1,1.0,1,1.0,-,0.0,-,0.0,-,0.0,2025
,小计,95,79,0.8316,60,0.6316,19,0.2,17,0.1789,2,0.0211,2025
国家卓越工程师学院,本科生毕业,24,24,1.0,4,0.1667,20,0.8333,15,0.625,5,0.2083,2025
,本科生毕业,145,118,0.8138,46,0.3172,66,0.4552,52,0.3586,14,0.0966,2024
,小计,369,324,0.878,246,0.6667,71,0.1924,57,0.1545,14,0.0379,2024
马克思主义学院,博士生毕业,2,2,1.0,2,1.0,-,0.0,-,0.0,-,0.0,2024
,硕士生毕业,42,38,0.9048,34,0.8095,4,0.0952,4,0.0952,-,0.0,2024
,小计,44,40,0.9091,36,0.8182,4,0.0909,4,0.0909,-,0.0,2024
建筑城规学院,博士生毕业,6,6,1.0,6,1.0,-,0.0,-,0.0,-,0.0,2024
,博士生结业,1,-,0.0,-,0.0,-,0.0,-,0.0,-,0.0,2024
,硕士生毕业,234,215,0.9188,204,0.8718,11,0.047,7,0.0299,4,0.0171,2024
,本科生毕业,217,178,0.8203,66,0.3041,112,0.5161,80,0.3687,32,0.1475,2024
,小计,458,399,0.8712,276,0.6026,123,0.2686,87,0.19,36,0.0786,2024
环境与生态学院,博士生毕业,27,26,0.963,25,0.9259,1,0.037,-,0.0,1,0.037,2024
,硕士生毕业,216,210,0.9722,190,0.8796,16,0.0741,14,0.0648,2,0.0093,2024
,本科生毕业,196,191,0.9745,64,0.3265,126,0.6429,113,0.5765,13,0.0663,2024
,小计,439,427,0.9727,279,0.6355,143,0.3257,127,0.2893,16,0.0364,2024
化学化工学院,博士生毕业,43,41,0.9535,41,0.9535,-,0.0,-,0.0,-,0.0,2024
,硕士生毕业,166,163,0.9819,147,0.8855,16,0.0964,12,0.0723,4,0.0241,2024
,本科生毕业,167,143,0.8563,52,0.3114,91,0.5449,79,0.4731,12,0.0719,2024
,小计,376,347,0.9229,240,0.6383,107,0.2846,91,0.242,16,0.0426,2024
艺术学院,硕士生毕业,56,52,0.9286,47,0.8393,3,0.0536,2,0.0357,1,0.0179,2024
,本科生毕业,237,185,0.7806,62,0.2616,71,0.2996,59,0.2489,12,0.0506,2024
,小计,293,237,0.8089,109,0.372,74,0.2526,61,0.2082,13,0.0444,2024
管理科学与房地产学院,博士生毕业,14,14,1.0,14,1.0,-,0.0,-,0.0,-,0.0,2024
,硕士生毕业,331,325,0.9819,314,0.9486,10,0.0302,6,0.0181,4,0.0121,2024
,本科生毕业,232,224,0.9655,93,0.4009,130,0.5603,110,0.4741,20,0.0862,2024
,小计,577,563,0.9757,421,0.7296,140,0.2426,116,0.201,24,0.0416,2024
航空航天学院,博士生毕业,10,10,1.0,10,1.0,-,0.0,-,0.0,-,0.0,2024
,博士生结业,1,1,1.0,1,1.0,-,0.0,-,0.0,-,0.0,2024
,硕士生毕业,54,53,0.9815,46,0.8519,7,0.1296,7,0.1296,-,0.0,2024
,本科生毕业,108,97,0.8981,23,0.213,74,0.6852,72,0.6667,2,0.0185,2024
,小计,173,161,0.9306,80,0.4624,81,0.4682,79,0.4566,2,0.0116,2024
材料科学与工程学院,博士生毕业,61,60,0.9836,59,0.9672,1,0.0164,-,0.0,1,0.0164,2024
,硕士生毕业,252,248,0.9841,217,0.8611,31,0.123,27,0.1071,4,0.0159,2024
,本科生毕业,293,246,0.8396,76,0.2594,170,0.5802,162,0.5529,8,0.0273,2024
,小计,606,554,0.9142,352,0.5809,202,0.3333,189,0.3119,13,0.0215,2024
经济与工商管理学院,博士生毕业,35,33,0.9429,33,0.9429,-,0.0,-,0.0,-,0.0,2024
,博士生结业,2,-,0.0,-,0.0,-,0.0,-,0.0,-,0.0,2024
,硕士生毕业,626,615,0.9824,604,0.9649,10,0.016,7,0.0112,3,0.0048,2024
,本科生毕业,298,274,0.9195,123,0.4128,145,0.4866,104,0.349,41,0.1376,2024
,小计,961,922,0.9594,760,0.7908,155,0.1613,111,0.1155,44,0.0458,2024
公共管理学院,博士生毕业,9,9,1.0,9,1.0,-,0.0,-,0.0,-,0.0,2024
,硕士生毕业,382,369,0.966,360,0.9424,8,0.0209,8,0.0209,-,0.0,2024
,本科生毕业,168,158,0.9405,72,0.4286,80,0.4762,61,0.3631,19,0.1131,2024
,小计,559,536,0.9589,441,0.7889,88,0.1574,69,0.1234,19,0.034,2024
微电子与通信工程学院,博士生毕业,18,18,1.0,18,1.0,-,0.0,-,0.0,-,0.0,2024
,博士生结业,1,1,1.0,1,1.0,-,0.0,-,0.0,-,0.0,2024
,硕士生毕业,162,159,0.9815,146,0.9012,13,0.0802,10,0.0617,3,0.0185,2024
,本科生毕业,278,255,0.9173,91,0.3273,163,0.5863,145,0.5216,18,0.0647,2024
,小计,459,433,0.9434,256,0.5577,176,0.3834,155,0.3377,21,0.0458,2024
计算机学院,博士生毕业,14,13,0.9286,13,0.9286,-,0.0,-,0.0,-,0.0,2024
,硕士生毕业,178,176,0.9888,159,0.8933,16,0.0899,14,0.0787,2,0.0112,2024
,本科生毕业,295,272,0.922,113,0.3831,158,0.5356,127,0.4305,31,0.1051,2024
,小计,487,461,0.9466,285,0.5852,174,0.3573,141,0.2895,33,0.0678,2024
土木工程学院,博士生毕业,53,50,0.9434,49,0.9245,1,0.0189,-,0.0,1,0.0189,2024
,博士生结业,1,1,1.0,1,1.0,-,0.0,-,0.0,-,0.0,2024
,硕士生毕业,409,397,0.9707,350,0.8557,45,0.11,40,0.0978,5,0.0122,2024
,本科生毕业,469,415,0.8849,194,0.4136,221,0.4712,209,0.4456,12,0.0256,2024
,小计,932,863,0.926,594,0.6373,267,0.2865,249,0.2672,18,0.0193,2024
大数据与软件学院,博士生毕业,5,5,1.0,5,1.0,-,0.0,-,0.0,-,0.0,2024
,硕士生毕业,105,105,1.0,96,0.9143,9,0.0857,7,0.0667,2,0.019,2024
,本科生毕业,238,219,0.9202,90,0.3782,129,0.542,92,0.3866,37,0.1555,2024
,小计,348,329,0.9454,191,0.5489,138,0.3966,99,0.2845,39,0.1121,2024
生命科学学院,博士生毕业,7,6,0.8571,6,0.8571,-,0.0,-,0.0,-,0.0,2024
,硕士生毕业,42,37,0.881,30,0.7143,7,0.1667,7,0.1667,-,0.0,2024
,本科生毕业,27,23,0.8519,9,0.3333,12,0.4444,9,0.3333,3,0.1111,2024
,小计,76,66,0.8684,45,0.5921,19,0.25,16,0.2105,3,0.0395,2024
机械与运载工程学院,博士生毕业,54,54,1.0,53,0.9815,1,0.0185,-,0.0,1,0.0185,2024
,硕士生毕业,559,555,0.9928,507,0.907,47,0.0841,38,0.068,9,0.0161,2024
,本科生毕业,495,441,0.8909,207,0.4182,232,0.4687,203,0.4101,29,0.0586,2024
,小计,1108,1050,0.9477,767,0.6922,280,0.2527,241,0.2175,39,0.0352,2024
资源与安全学院,博士生毕业,32,31,0.9688,31,0.9688,-,0.0,-,0.0,-,0.0,2024
,硕士生毕业,98,94,0.9592,79,0.8061,15,0.1531,10,0.102,5,0.051,2024
,本科生毕业,104,98,0.9423,55,0.5288,43,0.4135,43,0.4135,-,0.0,2024
,小计,234,223,0.953,165,0.7051,58,0.2479,53,0.2265,5,0.0214,2024
生物工程学院,博士生毕业,28,27,0.9643,26,0.9286,1,0.0357,-,0.0,1,0.0357,2024
,博士生结业,2,2,1.0,2,1.0,-,0.0,-,0.0,-,0.0,2024
,硕士生毕业,210,193,0.919,161,0.7667,31,0.1476,29,0.1381,2,0.0095,2024
,本科生毕业,122,92,0.7541,22,0.1803,69,0.5656,63,0.5164,6,0.0492,2024
,小计,362,314,0.8674,211,0.5829,101,0.279,92,0.2541,9,0.0249,2024
新闻学院,博士生毕业,8,8,1.0,8,1.0,-,0.0,-,0.0,-,0.0,2024
,博士生结业,1,1,1.0,1,1.0,-,0.0,-,0.0,-,0.0,2024
,硕士生毕业,98,90,0.9184,87,0.8878,3,0.0306,2,0.0204,1,0.0102,2024
,本科生毕业,119,88,0.7395,30,0.2521,58,0.4874,41,0.3445,17,0.1429,2024
,小计,226,187,0.8274,126,0.5575,61,0.2699,43,0.1903,18,0.0796,2024
光电工程学院,博士生毕业,29,29,1.0,29,1.0,-,0.0,-,0.0,-,0.0,2024
,博士生结业,2,1,0.5,1,0.5,-,0.0,-,0.0,-,0.0,2024
,硕士生毕业,153,150,0.9804,134,0.8758,16,0.1046,12,0.0784,4,0.0261,2024
,本科生毕业,219,206,0.9406,109,0.4977,96,0.4384,92,0.4201,4,0.0183,2024
,小计,403,386,0.9578,273,0.6774,112,0.2779,104,0.2581,8,0.0199,2024
自动化学院,博士生毕业,16,16,1.0,14,0.875,2,0.125,-,0.0,2,0.125,2024
,硕士生毕业,177,175,0.9887,169,0.9548,6,0.0339,6,0.0339,-,0.0,2024
,本科生毕业,268,256,0.9552,107,0.3993,149,0.556,131,0.4888,18,0.0672,2024
,小计,461,447,0.9696,290,0.6291,157,0.3406,137,0.2972,20,0.0434,2024
数学与统计学院,博士生毕业,12,12,1.0,12,1.0,-,0.0,-,0.0,-,0.0,2024
,硕士生毕业,118,118,1.0,108,0.9153,9,0.0763,6,0.0508,3,0.0254,2024
,本科生毕业,208,174,0.8365,41,0.1971,126,0.6058,101,0.4856,25,0.1202,2024
,小计,338,304,0.8994,161,0.4763,135,0.3994,107,0.3166,28,0.0828,2024
物理学院,博士生毕业,22,20,0.9091,18,0.8182,2,0.0909,-,0.0,2,0.0909,2024
,硕士生毕业,54,52,0.963,40,0.7407,12,0.2222,12,0.2222,-,0.0,2024
,本科生毕业,173,146,0.8439,32,0.185,112,0.6474,96,0.5549,16,0.0925,2024
,小计,249,218,0.8755,90,0.3614,126,0.506,108,0.4337,18,0.0723,2024
药学院,博士生毕业,6,6,1.0,6,1.0,-,0.0,-,0.0,-,0.0,2024
,硕士生毕业,43,40,0.9302,36,0.8372,4,0.093,3,0.0698,1,0.0233,2024
,本科生毕业,55,51,0.9273,21,0.3818,26,0.4727,24,0.4364,2,0.0364,2024
,小计,104,97,0.9327,63,0.6058,30,0.2885,27,0.2596,3,0.0288,2024
重庆大学-辛辛那提大学联合学院,本科生毕业,105,94,0.8952,15,0.1429,79,0.7524,33,0.3143,46,0.4381,2024
能源与动力工程学院,博士生毕业,31,31,1.0,31,1.0,-,0.0,-,0.0,-,0.0,2024
,博士生结业,1,1,1.0,1,1.0,-,0.0,-,0.0,-,0.0,2024
,硕士生毕业,146,144,0.9863,130,0.8904,14,0.0959,13,0.089,1,0.0068,2024
,本科生毕业,213,189,0.8873,73,0.3427,115,0.5399,105,0.493,10,0.0469,2024
,小计,391,365,0.9335,235,0.601,129,0.3299,118,0.3018,11,0.0281,2024
电气工程学院,博士生毕业,60,59,0.9833,59,0.9833,-,0.0,-,0.0,-,0.0,2024
,硕士生毕业,251,251,1.0,239,0.9522,12,0.0478,10,0.0398,2,0.008,2024
,本科生毕业,331,310,0.9366,162,0.4894,148,0.4471,135,0.4079,13,0.0393,2024
,小计,642,620,0.9657,460,0.7165,160,0.2492,145,0.2259,15,0.0234,2024
体育学院,硕士生毕业,13,13,1.0,11,0.8462,1,0.0769,-,0.0,1,0.0769,2024
,本科生毕业,30,23,0.7667,10,0.3333,11,0.3667,11,0.3667,-,0.0,2024
,小计,43,36,0.8372,21,0.4884,12,0.2791,11,0.2558,1,0.0233,2024
美视电影学院,硕士生毕业,57,51,0.8947,46,0.807,4,0.0702,2,0.0351,2,0.0351,2024
,本科生毕业,223,172,0.7713,52,0.2332,76,0.3408,50,0.2242,26,0.1166,2024
,小计,280,223,0.7964,98,0.35,80,0.2857,52,0.1857,28,0.1,2024
外国语学院,博士生毕业,2,2,1.0,2,1.0,-,0.0,-,0.0,-,0.0,2024
,硕士生毕业,107,97,0.9065,92,0.8598,4,0.0374,2,0.0187,2,0.0187,2024
,本科生毕业,130,107,0.8231,48,0.3692,55,0.4231,40,0.3077,15,0.1154,2024
,小计,239,206,0.8619,142,0.5941,59,0.2469,42,0.1757,17,0.0711,2024
博雅学院&人文社会科学高等研究院,博士生毕业,2,2,1.0,2,1.0,-,0.0,-,0.0,-,0.0,2024
,硕士生毕业,37,31,0.8378,25,0.6757,6,0.1622,6,0.1622,-,0.0,2024
,本科生毕业,39,33,0.8462,8,0.2051,25,0.641,20,0.5128,5,0.1282,2024
,小计,78,66,0.8462,35,0.4487,31,0.3974,26,0.3333,5,0.0641,2024
医学院,博士生毕业,2,2,1.0,2,1.0,-,0.0,-,0.0,-,0.0,2024
,硕士生毕业,52,43,0.8269,34,0.6538,9,0.1731,6,0.1154,3,0.0577,2024
,小计,54,45,0.8333,36,0.6667,9,0.1667,6,0.1111,3,0.0556,2024
国家卓越工程师学院,本科生毕业,28,28,1.0,5,0.1786,23,0.8214,15,0.5357,8,0.2857,2024
,硕士生毕业,170,153,0.9,149,0.8765,4,0.0235,4,0.0235,-,0.0,2023
,本科生毕业,128,95,0.7422,38,0.2969,50,0.3906,45,0.3516,5,0.0391,2023
,小计,314,264,0.8408,203,0.6465,54,0.172,49,0.1561,5,0.0159,2023
马克思主义学院,博士生毕业,1,1,1.0,1,1.0,-,0.0,-,0.0,-,0.0,2023
,硕士生毕业,41,39,0.9512,35,0.8537,4,0.0976,4,0.0976,-,0.0,2023
,小计,42,40,0.9524,36,0.8571,4,0.0952,4,0.0952,-,0.0,2023
建筑城规学院,博士生毕业,10,9,0.9,9,0.9,-,0.0,-,0.0,-,0.0,2023
,博士生结业,1,-,0.0,-,0.0,-,0.0,-,0.0,-,0.0,2023
,硕士生毕业,203,195,0.9606,185,0.9113,8,0.0394,4,0.0197,4,0.0197,2023
,本科生毕业,216,188,0.8704,65,0.3009,122,0.5648,98,0.4537,24,0.1111,2023
,小计,430,392,0.9116,259,0.6023,130,0.3023,102,0.2372,28,0.0651,2023
环境与生态学院,博士生毕业,23,23,1.0,23,1.0,-,0.0,-,0.0,-,0.0,2023
,硕士生毕业,177,173,0.9774,158,0.8927,15,0.0847,10,0.0565,5,0.0282,2023
,本科生毕业,210,209,0.9952,65,0.3095,139,0.6619,130,0.619,9,0.0429,2023
,小计,410,405,0.9878,246,0.6,154,0.3756,140,0.3415,14,0.0341,2023
化学化工学院,博士生毕业,45,43,0.9556,43,0.9556,-,0.0,-,0.0,-,0.0,2023
,硕士生毕业,165,161,0.9758,145,0.8788,16,0.097,13,0.0788,3,0.0182,2023
,本科生毕业,150,135,0.9,55,0.3667,78,0.52,73,0.4867,5,0.0333,2023
,小计,360,339,0.9417,243,0.675,94,0.2611,86,0.2389,8,0.0222,2023
艺术学院,硕士生毕业,50,47,0.94,44,0.88,3,0.06,3,0.06,-,0.0,2023
,本科生毕业,223,173,0.7758,84,0.3767,67,0.3004,54,0.2422,13,0.0583,2023
,小计,273,220,0.8059,128,0.4689,70,0.2564,57,0.2088,13,0.0476,2023
管理科学与房地产学院,博士生毕业,4,4,1.0,4,1.0,-,0.0,-,0.0,-,0.0,2023
,硕士生毕业,277,276,0.9964,266,0.9603,10,0.0361,7,0.0253,3,0.0108,2023
,本科生毕业,237,230,0.9705,104,0.4388,126,0.5316,106,0.4473,20,0.0844,2023
,小计,518,510,0.9846,374,0.722,136,0.2625,113,0.2181,23,0.0444,2023
航空航天学院,博士生毕业,9,8,0.8889,8,0.8889,-,0.0,-,0.0,-,0.0,2023
,硕士生毕业,51,51,1.0,42,0.8235,9,0.1765,7,0.1373,2,0.0392,2023
,本科生毕业,113,88,0.7788,27,0.2389,61,0.5398,61,0.5398,-,0.0,2023
,小计,173,147,0.8497,77,0.4451,70,0.4046,68,0.3931,2,0.0116,2023
材料科学与工程学院,博士生毕业,56,55,0.9821,55,0.9821,-,0.0,-,0.0,-,0.0,2023
,硕士生毕业,244,238,0.9754,213,0.873,25,0.1025,21,0.0861,4,0.0164,2023
,本科生毕业,351,299,0.8519,121,0.3447,178,0.5071,166,0.4729,12,0.0342,2023
,小计,651,592,0.9094,389,0.5975,203,0.3118,187,0.2873,16,0.0246,2023
经济与工商管理学院,博士生毕业,40,38,0.95,38,0.95,-,0.0,-,0.0,-,0.0,2023
,硕士生毕业,589,573,0.9728,567,0.9626,6,0.0102,6,0.0102,-,0.0,2023
,本科生毕业,277,257,0.9278,118,0.426,137,0.4946,91,0.3285,46,0.1661,2023
,小计,906,868,0.9581,723,0.798,143,0.1578,97,0.1071,46,0.0508,2023
公共管理学院,博士生毕业,7,7,1.0,7,1.0,-,0.0,-,0.0,-,0.0,2023
,硕士生毕业,285,277,0.9719,270,0.9474,7,0.0246,6,0.0211,1,0.0035,2023
,本科生毕业,150,150,1.0,78,0.52,72,0.48,59,0.3933,13,0.0867,2023
,小计,442,434,0.9819,355,0.8032,79,0.1787,65,0.1471,14,0.0317,2023
微电子与通信工程学院,博士生毕业,16,16,1.0,15,0.9375,1,0.0625,-,0.0,1,0.0625,2023
,硕士生毕业,132,130,0.9848,119,0.9015,11,0.0833,11,0.0833,-,0.0,2023
,本科生毕业,265,235,0.8868,67,0.2528,167,0.6302,154,0.5811,13,0.0491,2023
,小计,413,381,0.9225,201,0.4867,179,0.4334,165,0.3995,14,0.0339,2023
计算机学院,博士生毕业,16,16,1.0,16,1.0,-,0.0,-,0.0,-,0.0,2023
,硕士生毕业,147,140,0.9524,132,0.898,8,0.0544,5,0.034,3,0.0204,2023
,本科生毕业,290,267,0.9207,117,0.4034,148,0.5103,124,0.4276,24,0.0828,2023
,小计,453,423,0.9338,265,0.585,156,0.3444,129,0.2848,27,0.0596,2023
土木工程学院,博士生毕业,50,48,0.96,47,0.94,1,0.02,-,0.0,1,0.02,2023
,硕士生毕业,341,330,0.9677,308,0.9032,22,0.0645,18,0.0528,4,0.0117,2023
,硕士生结业,1,-,0.0,-,0.0,-,0.0,-,0.0,-,0.0,2023
,本科生毕业,432,396,0.9167,197,0.456,199,0.4606,185,0.4282,14,0.0324,2023
,小计,824,774,0.9393,552,0.6699,222,0.2694,203,0.2464,19,0.0231,2023
大数据与软件学院,博士生毕业,7,7,1.0,7,1.0,-,0.0,-,0.0,-,0.0,2023
,硕士生毕业,78,78,1.0,76,0.9744,2,0.0256,1,0.0128,1,0.0128,2023
,本科生毕业,213,203,0.9531,73,0.3427,128,0.6009,98,0.4601,30,0.1408,2023
,小计,298,288,0.9664,156,0.5235,130,0.4362,99,0.3322,31,0.104,2023
生命科学学院,博士生毕业,8,7,0.875,7,0.875,-,0.0,-,0.0,-,0.0,2023
,硕士生毕业,38,32,0.8421,28,0.7368,4,0.1053,4,0.1053,-,0.0,2023
,本科生毕业,25,18,0.72,3,0.12,15,0.6,13,0.52,2,0.08,2023
,小计,71,57,0.8028,38,0.5352,19,0.2676,17,0.2394,2,0.0282,2023
机械与运载工程学院,博士生毕业,81,79,0.9753,78,0.963,1,0.0123,-,0.0,1,0.0123,2023
,硕士生毕业,451,444,0.9845,406,0.9002,38,0.0843,33,0.0732,5,0.0111,2023
,本科生毕业,510,445,0.8725,244,0.4784,200,0.3922,184,0.3608,16,0.0314,2023
,小计,1042,968,0.929,728,0.6987,239,0.2294,217,0.2083,22,0.0211,2023
资源与安全学院,博士生毕业,21,20,0.9524,20,0.9524,-,0.0,-,0.0,-,0.0,2023
,硕士生毕业,79,79,1.0,68,0.8608,11,0.1392,10,0.1266,1,0.0127,2023
,本科生毕业,105,96,0.9143,48,0.4571,48,0.4571,48,0.4571,-,0.0,2023
,小计,205,195,0.9512,136,0.6634,59,0.2878,58,0.2829,1,0.0049,2023
生物工程学院,博士生毕业,45,42,0.9333,42,0.9333,-,0.0,-,0.0,-,0.0,2023
,硕士生毕业,131,122,0.9313,109,0.8321,13,0.0992,13,0.0992,-,0.0,2023
,本科生毕业,110,87,0.7909,21,0.1909,66,0.6,58,0.5273,8,0.0727,2023
,小计,286,251,0.8776,172,0.6014,79,0.2762,71,0.2483,8,0.028,2023
新闻学院,硕士生毕业,76,72,0.9474,70,0.9211,2,0.0263,2,0.0263,-,0.0,2023
,本科生毕业,117,89,0.7607,37,0.3162,52,0.4444,39,0.3333,13,0.1111,2023
,小计,193,161,0.8342,107,0.5544,54,0.2798,41,0.2124,13,0.0674,2023
光电工程学院,博士生毕业,36,36,1.0,36,1.0,-,0.0,-,0.0,-,0.0,2023
,硕士生毕业,129,128,0.9922,123,0.9535,5,0.0388,5,0.0388,-,0.0,2023
,本科生毕业,222,199,0.8964,84,0.3784,115,0.518,108,0.4865,7,0.0315,2023
,小计,387,363,0.938,243,0.6279,120,0.3101,113,0.292,7,0.0181,2023
自动化学院,博士生毕业,18,17,0.9444,17,0.9444,-,0.0,-,0.0,-,0.0,2023
,硕士生毕业,133,131,0.985,122,0.9173,9,0.0677,8,0.0602,1,0.0075,2023
,本科生毕业,259,249,0.9614,126,0.4865,123,0.4749,119,0.4595,4,0.0154,2023
,小计,410,397,0.9683,265,0.6463,132,0.322,127,0.3098,5,0.0122,2023
数学与统计学院,博士生毕业,8,8,1.0,8,1.0,-,0.0,-,0.0,-,0.0,2023
,硕士生毕业,132,125,0.947,119,0.9015,6,0.0455,6,0.0455,-,0.0,2023
,本科生毕业,173,138,0.7977,44,0.2543,89,0.5145,75,0.4335,14,0.0809,2023
,小计,313,271,0.8658,171,0.5463,95,0.3035,81,0.2588,14,0.0447,2023
物理学院,博士生毕业,17,17,1.0,17,1.0,-,0.0,-,0.0,-,0.0,2023
,硕士生毕业,43,39,0.907,31,0.7209,7,0.1628,7,0.1628,-,0.0,2023
,本科生毕业,132,105,0.7955,28,0.2121,76,0.5758,68,0.5152,8,0.0606,2023
,小计,192,161,0.8385,76,0.3958,83,0.4323,75,0.3906,8,0.0417,2023
药学院,博士生毕业,15,15,1.0,15,1.0,-,0.0,-,0.0,-,0.0,2023
,硕士生毕业,54,54,1.0,50,0.9259,4,0.0741,1,0.0185,3,0.0556,2023
,本科生毕业,46,41,0.8913,9,0.1957,29,0.6304,28,0.6087,1,0.0217,2023
,小计,115,110,0.9565,74,0.6435,33,0.287,29,0.2522,4,0.0348,2023
重庆大学-辛辛那提大学联合学院,本科生毕业,79,78,0.9873,8,0.1013,70,0.8861,22,0.2785,48,0.6076,2023
能源与动力工程学院,博士生毕业,26,26,1.0,26,1.0,-,0.0,-,0.0,-,0.0,2023
,硕士生毕业,119,117,0.9832,108,0.9076,9,0.0756,8,0.0672,1,0.0084,2023
,本科生毕业,209,190,0.9091,77,0.3684,112,0.5359,104,0.4976,8,0.0383,2023
,小计,354,333,0.9407,211,0.596,121,0.3418,112,0.3164,9,0.0254,2023
电气工程学院,博士生毕业,43,42,0.9767,41,0.9535,1,0.0233,-,0.0,1,0.0233,2023
,博士生结业,3,3,1.0,3,1.0,-,0.0,-,0.0,-,0.0,2023
,硕士生毕业,239,236,0.9874,220,0.9205,16,0.0669,12,0.0502,4,0.0167,2023
,硕士生结业,1,1,1.0,1,1.0,-,0.0,-,0.0,-,0.0,2023
,本科生毕业,285,260,0.9123,119,0.4175,141,0.4947,117,0.4105,24,0.0842,2023
,小计,571,542,0.9492,384,0.6725,158,0.2767,129,0.2259,29,0.0508,2023
体育学院,硕士生毕业,19,16,0.8421,15,0.7895,1,0.0526,-,0.0,1,0.0526,2023
,本科生毕业,31,27,0.871,19,0.6129,8,0.2581,8,0.2581,-,0.0,2023
,小计,50,43,0.86,34,0.68,9,0.18,8,0.16,1,0.02,2023
美视电影学院,硕士生毕业,68,55,0.8088,45,0.6618,-,0.0,-,0.0,-,0.0,2023
,本科生毕业,215,190,0.8837,54,0.2512,71,0.3302,44,0.2047,27,0.1256,2023
,小计,283,245,0.8657,99,0.3498,71,0.2509,44,0.1555,27,0.0954,2023
外国语学院,博士生毕业,1,1,1.0,1,1.0,-,0.0,-,0.0,-,0.0,2023
,硕士生毕业,105,89,0.8476,81,0.7714,5,0.0476,5,0.0476,-,0.0,2023
,本科生毕业,121,102,0.843,26,0.2149,61,0.5041,43,0.3554,18,0.1488,2023
,小计,227,192,0.8458,108,0.4758,66,0.2907,48,0.2115,18,0.0793,2023
博雅学院&人文社会科学高等研究院,博士生毕业,1,1,1.0,1,1.0,-,0.0,-,0.0,-,0.0,2023
,硕士生毕业,34,34,1.0,32,0.9412,2,0.0588,2,0.0588,-,0.0,2023
,本科生毕业,37,34,0.9189,10,0.2703,24,0.6486,21,0.5676,3,0.0811,2023
,小计,72,69,0.9583,43,0.5972,26,0.3611,23,0.3194,3,0.0417,2023
弘深学院,本科生毕业,114,114,1.0,16,0.1404,98,0.8596,59,0.5175,39,0.3421,2023
医学院,硕士生毕业,58,54,0.931,36,0.6207,18,0.3103,14,0.2414,4,0.069,2023
,硕士生毕业,192,187,0.974,159,0.8281,8,0.0417,8,0.0417,-,0.0,2022
,本科生毕业,119,105,0.8824,32,0.2689,53,0.4454,46,0.3866,7,0.0588,2022
,小计,325,306,0.9415,205,0.6308,61,0.1877,54,0.1662,7,0.0215,2022
马克思主义学院,硕士生毕业,37,36,0.973,33,0.8919,3,0.0811,3,0.0811,-,0.0,2022
建筑城规学院,博士生毕业,5,5,1.0,5,1.0,-,0.0,-,0.0,-,0.0,2022
,硕士生毕业,199,190,0.9548,179,0.8995,6,0.0302,6,0.0302,-,0.0,2022
,本科生毕业,219,188,0.8584,61,0.2785,126,0.5753,94,0.4292,32,0.1461,2022
,小计,423,383,0.9054,245,0.5792,132,0.3121,100,0.2364,32,0.0757,2022
环境与生态学院,博士生毕业,23,22,0.9565,22,0.9565,-,0.0,-,0.0,-,0.0,2022
,硕士生毕业,186,180,0.9677,164,0.8817,16,0.086,12,0.0645,4,0.0215,2022
,本科生毕业,198,174,0.8788,48,0.2424,126,0.6364,120,0.6061,6,0.0303,2022
,小计,407,376,0.9238,234,0.5749,142,0.3489,132,0.3243,10,0.0246,2022
化学化工学院,博士生毕业,16,12,0.75,10,0.625,2,0.125,-,0.0,2,0.125,2022
,硕士生毕业,160,158,0.9875,139,0.8688,19,0.1188,15,0.0938,4,0.025,2022
,硕士生结业,1,-,0.0,-,0.0,-,0.0,-,0.0,-,0.0,2022
,本科生毕业,162,150,0.9259,47,0.2901,93,0.5741,88,0.5432,5,0.0309,2022
,小计,339,320,0.944,196,0.5782,114,0.3363,103,0.3038,11,0.0324,2022
艺术学院,硕士生毕业,61,51,0.8361,45,0.7377,3,0.0492,1,0.0164,2,0.0328,2022
,本科生毕业,228,181,0.7939,83,0.364,67,0.2939,49,0.2149,18,0.0789,2022
,小计,289,232,0.8028,128,0.4429,70,0.2422,50,0.173,20,0.0692,2022
管理科学与房地产学院,博士生毕业,22,19,0.8636,18,0.8182,1,0.0455,-,0.0,1,0.0455,2022
,硕士生毕业,292,290,0.9932,280,0.9589,10,0.0342,6,0.0205,4,0.0137,2022
,本科生毕业,266,236,0.8872,112,0.4211,123,0.4624,101,0.3797,22,0.0827,2022
,小计,580,545,0.9397,410,0.7069,134,0.231,107,0.1845,27,0.0466,2022
航空航天学院,博士生毕业,13,13,1.0,13,1.0,-,0.0,-,0.0,-,0.0,2022
,硕士生毕业,53,50,0.9434,45,0.8491,5,0.0943,4,0.0755,1,0.0189,2022
,本科生毕业,115,97,0.8435,22,0.1913,75,0.6522,70,0.6087,5,0.0435,2022
,小计,181,160,0.884,80,0.442,80,0.442,74,0.4088,6,0.0331,2022
材料科学与工程学院,博士生毕业,52,52,1.0,51,0.9808,1,0.0192,-,0.0,1,0.0192,2022
,硕士生毕业,228,224,0.9825,203,0.8904,21,0.0921,15,0.0658,6,0.0263,2022
,本科生毕业,357,303,0.8487,127,0.3557,165,0.4622,155,0.4342,10,0.028,2022
,小计,637,579,0.9089,381,0.5981,187,0.2936,170,0.2669,17,0.0267,2022
经济与工商管理学院,博士生毕业,29,28,0.9655,28,0.9655,-,0.0,-,0.0,-,0.0,2022
,博士生结业,1,1,1.0,1,1.0,-,0.0,-,0.0,-,0.0,2022
,硕士生毕业,716,709,0.9902,705,0.9846,4,0.0056,3,0.0042,1,0.0014,2022
,本科生毕业,359,324,0.9025,118,0.3287,187,0.5209,121,0.337,66,0.1838,2022
,本科生结业,1,1,1.0,1,1.0,-,0.0,-,0.0,-,0.0,2022
,小计,1106,1063,0.9611,853,0.7712,191,0.1727,124,0.1121,67,0.0606,2022
公共管理学院,博士生毕业,6,5,0.8333,5,0.8333,-,0.0,-,0.0,-,0.0,2022
,硕士生毕业,383,379,0.9896,372,0.9713,7,0.0183,5,0.0131,2,0.0052,2022
,本科生毕业,160,144,0.9,64,0.4,71,0.4438,63,0.3938,8,0.05,2022
,小计,549,528,0.9617,441,0.8033,78,0.1421,68,0.1239,10,0.0182,2022
微电子与通信工程学院,博士生毕业,14,14,1.0,14,1.0,-,0.0,-,0.0,-,0.0,2022
,硕士生毕业,142,141,0.993,135,0.9507,6,0.0423,4,0.0282,2,0.0141,2022
,本科生毕业,303,274,0.9043,86,0.2838,177,0.5842,160,0.5281,17,0.0561,2022
,小计,459,429,0.9346,235,0.512,183,0.3987,164,0.3573,19,0.0414,2022
计算机学院,博士生毕业,17,17,1.0,16,0.9412,1,0.0588,-,0.0,1,0.0588,2022
,硕士生毕业,164,157,0.9573,147,0.8963,10,0.061,8,0.0488,2,0.0122,2022
,本科生毕业,317,301,0.9495,144,0.4543,148,0.4669,125,0.3943,23,0.0726,2022
,小计,498,475,0.9538,307,0.6165,159,0.3193,133,0.2671,26,0.0522,2022
土木工程学院,博士生毕业,59,59,1.0,57,0.9661,2,0.0339,-,0.0,2,0.0339,2022
,硕士生毕业,343,326,0.9504,298,0.8688,28,0.0816,22,0.0641,6,0.0175,2022
,硕士生结业,1,-,0.0,-,0.0,-,0.0,-,0.0,-,0.0,2022
,本科生毕业,469,413,0.8806,223,0.4755,186,0.3966,172,0.3667,14,0.0299,2022
,小计,872,798,0.9151,578,0.6628,216,0.2477,194,0.2225,22,0.0252,2022
大数据与软件学院,博士生毕业,5,5,1.0,5,1.0,-,0.0,-,0.0,-,0.0,2022
,硕士生毕业,84,82,0.9762,80,0.9524,2,0.0238,1,0.0119,1,0.0119,2022
,本科生毕业,240,225,0.9375,110,0.4583,113,0.4708,80,0.3333,33,0.1375,2022
,小计,329,312,0.9483,195,0.5927,115,0.3495,81,0.2462,34,0.1033,2022
生命科学学院,博士生毕业,12,12,1.0,11,0.9167,1,0.0833,-,0.0,1,0.0833,2022
,硕士生毕业,27,25,0.9259,23,0.8519,2,0.0741,2,0.0741,-,0.0,2022
,本科生毕业,27,23,0.8519,10,0.3704,13,0.4815,13,0.4815,-,0.0,2022
,小计,66,60,0.9091,44,0.6667,16,0.2424,15,0.2273,1,0.0152,2022
机械与运载工程学院,博士生毕业,59,55,0.9322,53,0.8983,2,0.0339,-,0.0,2,0.0339,2022
,硕士生毕业,482,477,0.9896,449,0.9315,28,0.0581,22,0.0456,6,0.0124,2022
,本科生毕业,576,481,0.8351,246,0.4271,231,0.401,216,0.375,15,0.026,2022
,小计,1117,1013,0.9069,748,0.6697,261,0.2337,238,0.2131,23,0.0206,2022
资源与安全学院,博士生毕业,24,21,0.875,20,0.8333,1,0.0417,-,0.0,1,0.0417,2022
,硕士生毕业,78,75,0.9615,68,0.8718,7,0.0897,4,0.0513,3,0.0385,2022
,本科生毕业,93,92,0.9892,54,0.5806,38,0.4086,35,0.3763,3,0.0323,2022
,小计,195,188,0.9641,142,0.7282,46,0.2359,39,0.2,7,0.0359,2022
生物工程学院,博士生毕业,41,40,0.9756,39,0.9512,1,0.0244,-,0.0,1,0.0244,2022
,硕士生毕业,137,125,0.9124,118,0.8613,7,0.0511,6,0.0438,1,0.0073,2022
,本科生毕业,96,74,0.7708,18,0.1875,56,0.5833,49,0.5104,7,0.0729,2022
,小计,274,239,0.8723,175,0.6387,64,0.2336,55,0.2007,9,0.0328,2022
新闻学院,硕士生毕业,85,75,0.8824,73,0.8588,2,0.0235,2,0.0235,-,0.0,2022
,本科生毕业,102,78,0.7647,36,0.3529,42,0.4118,28,0.2745,14,0.1373,2022
,小计,187,153,0.8182,109,0.5829,44,0.2353,30,0.1604,14,0.0749,2022
光电工程学院,博士生毕业,24,23,0.9583,19,0.7917,4,0.1667,-,0.0,4,0.1667,2022
,硕士生毕业,138,137,0.9928,133,0.9638,4,0.029,3,0.0217,1,0.0072,2022
,本科生毕业,212,193,0.9104,98,0.4623,91,0.4292,86,0.4057,5,0.0236,2022
,小计,374,353,0.9439,250,0.6684,99,0.2647,89,0.238,10,0.0267,2022
自动化学院,博士生毕业,15,14,0.9333,13,0.8667,1,0.0667,-,0.0,1,0.0667,2022
,硕士生毕业,145,145,1.0,136,0.9379,9,0.0621,8,0.0552,1,0.0069,2022
,本科生毕业,260,253,0.9731,116,0.4462,122,0.4692,114,0.4385,8,0.0308,2022
,小计,420,412,0.981,265,0.631,132,0.3143,122,0.2905,10,0.0238,2022
数学与统计学院,博士生毕业,11,10,0.9091,10,0.9091,-,0.0,-,0.0,-,0.0,2022
,硕士生毕业,93,92,0.9892,89,0.957,3,0.0323,2,0.0215,1,0.0108,2022
,本科生毕业,147,138,0.9388,31,0.2109,78,0.5306,64,0.4354,14,0.0952,2022
,小计,251,240,0.9562,130,0.5179,81,0.3227,66,0.2629,15,0.0598,2022
物理学院,博士生毕业,6,6,1.0,6,1.0,-,0.0,-,0.0,-,0.0,2022
,硕士生毕业,40,32,0.8,27,0.675,5,0.125,5,0.125,-,0.0,2022
,本科生毕业,104,88,0.8462,26,0.25,56,0.5385,48,0.4615,8,0.0769,2022
,小计,150,126,0.84,59,0.3933,61,0.4067,53,0.3533,8,0.0533,2022
药学院,博士生毕业,11,11,1.0,11,1.0,-,0.0,-,0.0,-,0.0,2022
,硕士生毕业,39,38,0.9744,34,0.8718,4,0.1026,2,0.0513,2,0.0513,2022
,本科生毕业,52,47,0.9038,18,0.3462,29,0.5577,28,0.5385,1,0.0192,2022
,小计,102,96,0.9412,63,0.6176,33,0.3235,30,0.2941,3,0.0294,2022
重庆大学-辛辛那提大学联合学院,本科生毕业,87,78,0.8966,7,0.0805,70,0.8046,25,0.2874,45,0.5172,2022
能源与动力工程学院,博士生毕业,33,26,0.7879,26,0.7879,-,0.0,-,0.0,-,0.0,2022
,博士生结业,1,1,1.0,1,1.0,-,0.0,-,0.0,-,0.0,2022
,硕士生毕业,119,116,0.9748,109,0.916,7,0.0588,3,0.0252,4,0.0336,2022
,本科生毕业,218,200,0.9174,86,0.3945,114,0.5229,102,0.4679,12,0.055,2022
,小计,371,343,0.9245,222,0.5984,121,0.3261,105,0.283,16,0.0431,2022
电气工程学院,博士生毕业,45,43,0.9556,43,0.9556,-,0.0,-,0.0,-,0.0,2022
,硕士生毕业,242,242,1.0,234,0.9669,8,0.0331,2,0.0083,6,0.0248,2022
,硕士生结业,2,1,0.5,1,0.5,-,0.0,-,0.0,-,0.0,2022
,本科生毕业,313,293,0.9361,134,0.4281,148,0.4728,137,0.4377,11,0.0351,2022
,小计,602,579,0.9618,412,0.6844,156,0.2591,139,0.2309,17,0.0282,2022
体育学院,硕士生毕业,20,20,1.0,19,0.95,1,0.05,1,0.05,-,0.0,2022
,本科生毕业,31,28,0.9032,19,0.6129,9,0.2903,9,0.2903,-,0.0,2022
,小计,51,48,0.9412,38,0.7451,10,0.1961,10,0.1961,-,0.0,2022
美视电影学院,硕士生毕业,61,57,0.9344,47,0.7705,-,0.0,-,0.0,-,0.0,2022
,本科生毕业,233,219,0.9399,53,0.2275,72,0.309,48,0.206,24,0.103,2022
,小计,294,276,0.9388,100,0.3401,72,0.2449,48,0.1633,24,0.0816,2022
外国语学院,硕士生毕业,90,78,0.8667,73,0.8111,3,0.0333,1,0.0111,2,0.0222,2022
,本科生毕业,121,111,0.9174,27,0.2231,59,0.4876,43,0.3554,16,0.1322,2022
,小计,211,189,0.8957,100,0.4739,62,0.2938,44,0.2085,18,0.0853,2022
博雅学院&人文社会科学高等研究院,博士生毕业,1,1,1.0,1,1.0,-,0.0,-,0.0,-,0.0,2022
,硕士生毕业,36,34,0.9444,32,0.8889,2,0.0556,1,0.0278,1,0.0278,2022
,本科生毕业,42,39,0.9286,9,0.2143,28,0.6667,23,0.5476,5,0.119,2022
,小计,79,74,0.9367,42,0.5316,30,0.3797,24,0.3038,6,0.0759,2022
