院系名称,年份,学历层次,毕业人数,就业数,毕业去向落实率,签约人数,签约率,总升学人数,总升学率,境内升学人数,境内升学率,境外升学人数,境外升学率,全校_全校毕业生_毕业人数,全校_全校毕业生_就业数,全校_全校毕业生_毕业去向落实率,全校_本科生毕业_毕业人数,全校_本科生毕业_就业数,全校_本科生毕业_毕业去向落实率,全校_毕业研究生_毕业人数,全校_毕业研究生_就业数,全校_毕业研究生_毕业去向落实率,全校_博士生毕业_毕业人数,全校_博士生毕业_就业数,全校_博士生毕业_毕业去向落实率,全校_硕士生毕业_毕业人数,全校_硕士生毕业_就业数,全校_硕士生毕业_毕业去向落实率
马克思主义学院,2026,博士生毕业,5,,0.0,,0.0,,0.0,,0.0,,0.0,54,11,0.2037,,,,54.0,11.0,0.2037,5.0,,0.0,49.0,11.0,0.2245
马克思主义学院,2026,硕士生毕业,49,11.0,0.2245,11.0,0.2245,,0.0,,0.0,,0.0,54,11,0.2037,,,,54.0,11.0,0.2037,5.0,,0.0,49.0,11.0,0.2245
马克思主义学院,2026,小计,54,11.0,0.2037,11.0,0.2037,,0.0,,0.0,,0.0,54,11,0.2037,,,,54.0,11.0,0.2037,5.0,,0.0,49.0,11.0,0.2245
建筑城规学院,2026,博士生毕业,2,,0.0,,0.0,,0.0,,0.0,,0.0,439,199,0.4533,213.0,78.0,0.3662,226.0,121.0,0.5354,2.0,,0.0,224.0,121.0,0.5402
建筑城规学院,2026,硕士生毕业,224,123.0,0.5491,123.0,0.5491,,0.0,,0.0,,0.0,439,199,0.4533,213.0,78.0,0.3662,226.0,121.0,0.5354,2.0,,0.0,224.0,121.0,0.5402
建筑城规学院,2026,本科生毕业,213,82.0,0.385,17.0,0.0798,65.0,0.3052,54.0,0.2535,11.0,0.0516,439,199,0.4533,213.0,78.0,0.3662,226.0,121.0,0.5354,2.0,,0.0,224.0,121.0,0.5402
建筑城规学院,2026,小计,439,205.0,0.467,140.0,0.3189,65.0,0.1481,54.0,0.123,11.0,0.0251,439,199,0.4533,213.0,78.0,0.3662,226.0,121.0,0.5354,2.0,,0.0,224.0,121.0,0.5402
环境与生态学院,2026,博士生毕业,24,2.0,0.0833,2.0,0.0833,,0.0,,0.0,,0.0,471,198,0.4204,215.0,77.0,0.3581,256.0,121.0,0.4727,23.0,2.0,0.087,233.0,119.0,0.5107
环境与生态学院,2026,硕士生毕业,233,121.0,0.5193,121.0,0.5193,,0.0,,0.0,,0.0,471,198,0.4204,215.0,77.0,0.3581,256.0,121.0,0.4727,23.0,2.0,0.087,233.0,119.0,0.5107
环境与生态学院,2026,本科生毕业,211,80.0,0.3791,25.0,0.1185,55.0,0.2607,55.0,0.2607,,0.0,471,198,0.4204,215.0,77.0,0.3581,256.0,121.0,0.4727,23.0,2.0,0.087,233.0,119.0,0.5107
环境与生态学院,2026,小计,468,203.0,0.4338,148.0,0.3162,55.0,0.1175,55.0,0.1175,,0.0,471,198,0.4204,215.0,77.0,0.3581,256.0,121.0,0.4727,23.0,2.0,0.087,233.0,119.0,0.5107
化学化工学院,2026,博士生毕业,12,8.0,0.6667,8.0,0.6667,,0.0,,0.0,,0.0,331,193,0.5831,148.0,57.0,0.3851,183.0,136.0,0.7432,11.0,8.0,0.7273,172.0,128.0,0.7442
化学化工学院,2026,硕士生毕业,172,130.0,0.7558,130.0,0.7558,,0.0,,0.0,,0.0,331,193,0.5831,148.0,57.0,0.3851,183.0,136.0,0.7432,11.0,8.0,0.7273,172.0,128.0,0.7442
化学化工学院,2026,本科生毕业,148,58.0,0.3919,15.0,0.1014,43.0,0.2905,43.0,0.2905,,0.0,331,193,0.5831,148.0,57.0,0.3851,183.0,136.0,0.7432,11.0,8.0,0.7273,172.0,128.0,0.7442
化学化工学院,2026,小计,332,196.0,0.5904,153.0,0.4608,43.0,0.1295,43.0,0.1295,,0.0,331,193,0.5831,148.0,57.0,0.3851,183.0,136.0,0.7432,11.0,8.0,0.7273,172.0,128.0,0.7442
艺术学院,2026,硕士生毕业,81,33.0,0.4074,32.0,0.3951,,0.0,,0.0,,0.0,326,115,0.3528,245.0,82.0,0.3347,81.0,33.0,0.4074,,,,81.0,33.0,0.4074
艺术学院,2026,本科生毕业,245,86.0,0.351,26.0,0.1061,51.0,0.2082,47.0,0.1918,4.0,0.0163,326,115,0.3528,245.0,82.0,0.3347,81.0,33.0,0.4074,,,,81.0,33.0,0.4074
艺术学院,2026,小计,326,119.0,0.365,58.0,0.1779,51.0,0.1564,47.0,0.1442,4.0,0.0123,326,115,0.3528,245.0,82.0,0.3347,81.0,33.0,0.4074,,,,81.0,33.0,0.4074
管理科学与房地产学院,2026,博士生毕业,3,2.0,0.6667,2.0,0.6667,,0.0,,0.0,,0.0,447,297,0.6644,233.0,130.0,0.5579,214.0,167.0,0.7804,3.0,2.0,0.6667,211.0,165.0,0.782
管理科学与房地产学院,2026,硕士生毕业,211,163.0,0.7725,163.0,0.7725,,0.0,,0.0,,0.0,447,297,0.6644,233.0,130.0,0.5579,214.0,167.0,0.7804,3.0,2.0,0.6667,211.0,165.0,0.782
管理科学与房地产学院,2026,本科生毕业,233,130.0,0.5579,64.0,0.2747,66.0,0.2833,55.0,0.2361,11.0,0.0472,447,297,0.6644,233.0,130.0,0.5579,214.0,167.0,0.7804,3.0,2.0,0.6667,211.0,165.0,0.782
管理科学与房地产学院,2026,小计,447,295.0,0.66,229.0,0.5123,66.0,0.1477,55.0,0.123,11.0,0.0246,447,297,0.6644,233.0,130.0,0.5579,214.0,167.0,0.7804,3.0,2.0,0.6667,211.0,165.0,0.782
航空航天学院,2026,博士生毕业,7,4.0,0.5714,4.0,0.5714,,0.0,,0.0,,0.0,213,102,0.4789,128.0,47.0,0.3672,85.0,55.0,0.6471,7.0,4.0,0.5714,78.0,51.0,0.6538
航空航天学院,2026,硕士生毕业,78,52.0,0.6667,52.0,0.6667,,0.0,,0.0,,0.0,213,102,0.4789,128.0,47.0,0.3672,85.0,55.0,0.6471,7.0,4.0,0.5714,78.0,51.0,0.6538
航空航天学院,2026,本科生毕业,128,47.0,0.3672,11.0,0.0859,36.0,0.2813,35.0,0.2734,1.0,0.0078,213,102,0.4789,128.0,47.0,0.3672,85.0,55.0,0.6471,7.0,4.0,0.5714,78.0,51.0,0.6538
航空航天学院,2026,小计,213,103.0,0.4836,67.0,0.3146,36.0,0.169,35.0,0.1643,1.0,0.0047,213,102,0.4789,128.0,47.0,0.3672,85.0,55.0,0.6471,7.0,4.0,0.5714,78.0,51.0,0.6538
材料科学与工程学院,2026,博士生毕业,25,21.0,0.84,21.0,0.84,,0.0,,0.0,,0.0,625,368,0.5888,316.0,131.0,0.4146,309.0,237.0,0.767,22.0,21.0,0.9545,287.0,216.0,0.7526
材料科学与工程学院,2026,硕士生毕业,287,218.0,0.7596,218.0,0.7596,,0.0,,0.0,,0.0,625,368,0.5888,316.0,131.0,0.4146,309.0,237.0,0.767,22.0,21.0,0.9545,287.0,216.0,0.7526
材料科学与工程学院,2026,本科生毕业,316,138.0,0.4367,53.0,0.1677,85.0,0.269,84.0,0.2658,1.0,0.0032,625,368,0.5888,316.0,131.0,0.4146,309.0,237.0,0.767,22.0,21.0,0.9545,287.0,216.0,0.7526
材料科学与工程学院,2026,小计,628,377.0,0.6003,292.0,0.465,85.0,0.1354,84.0,0.1338,1.0,0.0016,625,368,0.5888,316.0,131.0,0.4146,309.0,237.0,0.767,22.0,21.0,0.9545,287.0,216.0,0.7526
经济与工商管理学院,2026,博士生毕业,2,,0.0,,0.0,,0.0,,0.0,,0.0,453,227,0.5011,250.0,90.0,0.36,203.0,137.0,0.6749,2.0,,0.0,201.0,137.0,0.6816
经济与工商管理学院,2026,硕士生毕业,201,137.0,0.6816,137.0,0.6816,,0.0,,0.0,,0.0,453,227,0.5011,250.0,90.0,0.36,203.0,137.0,0.6749,2.0,,0.0,201.0,137.0,0.6816
经济与工商管理学院,2026,本科生毕业,250,93.0,0.372,33.0,0.132,60.0,0.24,60.0,0.24,,0.0,453,227,0.5011,250.0,90.0,0.36,203.0,137.0,0.6749,2.0,,0.0,201.0,137.0,0.6816
经济与工商管理学院,2026,小计,453,230.0,0.5077,170.0,0.3753,60.0,0.1325,60.0,0.1325,,0.0,453,227,0.5011,250.0,90.0,0.36,203.0,137.0,0.6749,2.0,,0.0,201.0,137.0,0.6816
公共管理学院,2026,博士生毕业,6,1.0,0.1667,1.0,0.1667,,0.0,,0.0,,0.0,287,104,0.3624,156.0,49.0,0.3141,131.0,55.0,0.4198,6.0,1.0,0.1667,125.0,54.0,0.432
公共管理学院,2026,硕士生毕业,125,56.0,0.448,56.0,0.448,,0.0,,0.0,,0.0,287,104,0.3624,156.0,49.0,0.3141,131.0,55.0,0.4198,6.0,1.0,0.1667,125.0,54.0,0.432
公共管理学院,2026,本科生毕业,156,51.0,0.3269,17.0,0.109,34.0,0.2179,34.0,0.2179,,0.0,287,104,0.3624,156.0,49.0,0.3141,131.0,55.0,0.4198,6.0,1.0,0.1667,125.0,54.0,0.432
公共管理学院,2026,小计,287,108.0,0.3763,74.0,0.2578,34.0,0.1185,34.0,0.1185,,0.0,287,104,0.3624,156.0,49.0,0.3141,131.0,55.0,0.4198,6.0,1.0,0.1667,125.0,54.0,0.432
微电子与通信工程学院,2026,博士生毕业,4,3.0,0.75,3.0,0.75,,0.0,,0.0,,0.0,440,249,0.5659,276.0,101.0,0.3659,164.0,148.0,0.9024,3.0,3.0,1.0,161.0,145.0,0.9006
微电子与通信工程学院,2026,硕士生毕业,161,146.0,0.9068,146.0,0.9068,,0.0,,0.0,,0.0,440,249,0.5659,276.0,101.0,0.3659,164.0,148.0,0.9024,3.0,3.0,1.0,161.0,145.0,0.9006
微电子与通信工程学院,2026,本科生毕业,276,110.0,0.3986,36.0,0.1304,74.0,0.2681,72.0,0.2609,2.0,0.0072,440,249,0.5659,276.0,101.0,0.3659,164.0,148.0,0.9024,3.0,3.0,1.0,161.0,145.0,0.9006
微电子与通信工程学院,2026,小计,441,259.0,0.5873,185.0,0.4195,74.0,0.1678,72.0,0.1633,2.0,0.0045,440,249,0.5659,276.0,101.0,0.3659,164.0,148.0,0.9024,3.0,3.0,1.0,161.0,145.0,0.9006
计算机学院,2026,博士生毕业,12,8.0,0.6667,8.0,0.6667,,0.0,,0.0,,0.0,496,281,0.5665,316.0,138.0,0.4367,180.0,143.0,0.7944,12.0,8.0,0.6667,168.0,135.0,0.8036
计算机学院,2026,硕士生毕业,168,138.0,0.8214,133.0,0.7917,5.0,0.0298,2.0,0.0119,3.0,0.0179,496,281,0.5665,316.0,138.0,0.4367,180.0,143.0,0.7944,12.0,8.0,0.6667,168.0,135.0,0.8036
计算机学院,2026,本科生毕业,316,140.0,0.443,52.0,0.1646,88.0,0.2785,85.0,0.269,3.0,0.0095,496,281,0.5665,316.0,138.0,0.4367,180.0,143.0,0.7944,12.0,8.0,0.6667,168.0,135.0,0.8036
计算机学院,2026,小计,496,286.0,0.5766,193.0,0.3891,93.0,0.1875,87.0,0.1754,6.0,0.0121,496,281,0.5665,316.0,138.0,0.4367,180.0,143.0,0.7944,12.0,8.0,0.6667,168.0,135.0,0.8036
土木工程学院,2026,博士生毕业,10,6.0,0.6,6.0,0.6,,0.0,,0.0,,0.0,882,545,0.6179,406.0,245.0,0.6034,476.0,300.0,0.6303,10.0,5.0,0.5,466.0,295.0,0.633
土木工程学院,2026,硕士生毕业,467,300.0,0.6424,300.0,0.6424,,0.0,,0.0,,0.0,882,545,0.6179,406.0,245.0,0.6034,476.0,300.0,0.6303,10.0,5.0,0.5,466.0,295.0,0.633
土木工程学院,2026,本科生毕业,406,251.0,0.6182,139.0,0.3424,112.0,0.2759,109.0,0.2685,3.0,0.0074,882,545,0.6179,406.0,245.0,0.6034,476.0,300.0,0.6303,10.0,5.0,0.5,466.0,295.0,0.633
土木工程学院,2026,小计,883,557.0,0.6308,445.0,0.504,112.0,0.1268,109.0,0.1234,3.0,0.0034,882,545,0.6179,406.0,245.0,0.6034,476.0,300.0,0.6303,10.0,5.0,0.5,466.0,295.0,0.633
大数据与软件学院,2026,博士生毕业,8,2.0,0.25,2.0,0.25,,0.0,,0.0,,0.0,351,174,0.4957,242.0,101.0,0.4174,109.0,73.0,0.6697,8.0,2.0,0.25,101.0,71.0,0.703
大数据与软件学院,2026,硕士生毕业,101,73.0,0.7228,73.0,0.7228,,0.0,,0.0,,0.0,351,174,0.4957,242.0,101.0,0.4174,109.0,73.0,0.6697,8.0,2.0,0.25,101.0,71.0,0.703
大数据与软件学院,2026,本科生毕业,242,101.0,0.4174,35.0,0.1446,66.0,0.2727,66.0,0.2727,,0.0,351,174,0.4957,242.0,101.0,0.4174,109.0,73.0,0.6697,8.0,2.0,0.25,101.0,71.0,0.703
大数据与软件学院,2026,小计,351,176.0,0.5014,110.0,0.3134,66.0,0.188,66.0,0.188,,0.0,351,174,0.4957,242.0,101.0,0.4174,109.0,73.0,0.6697,8.0,2.0,0.25,101.0,71.0,0.703
生命科学学院,2026,硕士生毕业,63,17.0,0.2698,17.0,0.2698,,0.0,,0.0,,0.0,93,26,0.2796,30.0,9.0,0.3,63.0,17.0,0.2698,,,,63.0,17.0,0.2698
生命科学学院,2026,本科生毕业,30,10.0,0.3333,,0.0,10.0,0.3333,9.0,0.3,1.0,0.0333,93,26,0.2796,30.0,9.0,0.3,63.0,17.0,0.2698,,,,63.0,17.0,0.2698
生命科学学院,2026,小计,93,27.0,0.2903,17.0,0.1828,10.0,0.1075,9.0,0.0968,1.0,0.0108,93,26,0.2796,30.0,9.0,0.3,63.0,17.0,0.2698,,,,63.0,17.0,0.2698
机械与运载工程学院,2026,博士生毕业,17,11.0,0.6471,11.0,0.6471,,0.0,,0.0,,0.0,1074,715,0.6657,542.0,237.0,0.4373,532.0,478.0,0.8985,16.0,11.0,0.6875,516.0,467.0,0.905
机械与运载工程学院,2026,硕士生毕业,516,467.0,0.905,466.0,0.9031,1.0,0.0019,,0.0,1.0,0.0019,1074,715,0.6657,542.0,237.0,0.4373,532.0,478.0,0.8985,16.0,11.0,0.6875,516.0,467.0,0.905
机械与运载工程学院,2026,本科生毕业,542,247.0,0.4557,97.0,0.179,150.0,0.2768,150.0,0.2768,,0.0,1074,715,0.6657,542.0,237.0,0.4373,532.0,478.0,0.8985,16.0,11.0,0.6875,516.0,467.0,0.905
机械与运载工程学院,2026,小计,1075,725.0,0.6744,574.0,0.534,151.0,0.1405,150.0,0.1395,1.0,0.0009,1074,715,0.6657,542.0,237.0,0.4373,532.0,478.0,0.8985,16.0,11.0,0.6875,516.0,467.0,0.905
资源与安全学院,2026,博士生毕业,9,6.0,0.6667,6.0,0.6667,,0.0,,0.0,,0.0,259,157,0.6062,119.0,66.0,0.5546,140.0,91.0,0.65,9.0,5.0,0.5556,131.0,86.0,0.6565
资源与安全学院,2026,硕士生毕业,131,87.0,0.6641,87.0,0.6641,,0.0,,0.0,,0.0,259,157,0.6062,119.0,66.0,0.5546,140.0,91.0,0.65,9.0,5.0,0.5556,131.0,86.0,0.6565
资源与安全学院,2026,本科生毕业,119,68.0,0.5714,34.0,0.2857,34.0,0.2857,34.0,0.2857,,0.0,259,157,0.6062,119.0,66.0,0.5546,140.0,91.0,0.65,9.0,5.0,0.5556,131.0,86.0,0.6565
资源与安全学院,2026,小计,259,161.0,0.6216,127.0,0.4903,34.0,0.1313,34.0,0.1313,,0.0,259,157,0.6062,119.0,66.0,0.5546,140.0,91.0,0.65,9.0,5.0,0.5556,131.0,86.0,0.6565
生物工程学院,2026,博士生毕业,7,1.0,0.1429,1.0,0.1429,,0.0,,0.0,,0.0,292,88,0.3014,133.0,42.0,0.3158,159.0,46.0,0.2893,6.0,1.0,0.1667,153.0,45.0,0.2941
生物工程学院,2026,硕士生毕业,152,46.0,0.3026,45.0,0.2961,1.0,0.0066,,0.0,1.0,0.0066,292,88,0.3014,133.0,42.0,0.3158,159.0,46.0,0.2893,6.0,1.0,0.1667,153.0,45.0,0.2941
生物工程学院,2026,硕士生结业,1,,0.0,,0.0,,0.0,,0.0,,0.0,292,88,0.3014,133.0,42.0,0.3158,159.0,46.0,0.2893,6.0,1.0,0.1667,153.0,45.0,0.2941
生物工程学院,2026,本科生毕业,133,42.0,0.3158,8.0,0.0602,34.0,0.2556,34.0,0.2556,,0.0,292,88,0.3014,133.0,42.0,0.3158,159.0,46.0,0.2893,6.0,1.0,0.1667,153.0,45.0,0.2941
生物工程学院,2026,小计,293,89.0,0.3038,54.0,0.1843,35.0,0.1195,34.0,0.116,1.0,0.0034,292,88,0.3014,133.0,42.0,0.3158,159.0,46.0,0.2893,6.0,1.0,0.1667,153.0,45.0,0.2941
新闻学院,2026,博士生毕业,6,,0.0,,0.0,,0.0,,0.0,,0.0,222,82,0.3694,127.0,41.0,0.3228,95.0,41.0,0.4316,6.0,,0.0,89.0,41.0,0.4607
新闻学院,2026,硕士生毕业,89,42.0,0.4719,42.0,0.4719,,0.0,,0.0,,0.0,222,82,0.3694,127.0,41.0,0.3228,95.0,41.0,0.4316,6.0,,0.0,89.0,41.0,0.4607
新闻学院,2026,本科生毕业,127,43.0,0.3386,13.0,0.1024,30.0,0.2362,28.0,0.2205,2.0,0.0157,222,82,0.3694,127.0,41.0,0.3228,95.0,41.0,0.4316,6.0,,0.0,89.0,41.0,0.4607
新闻学院,2026,小计,222,85.0,0.3829,55.0,0.2477,30.0,0.1351,28.0,0.1261,2.0,0.009,222,82,0.3694,127.0,41.0,0.3228,95.0,41.0,0.4316,6.0,,0.0,89.0,41.0,0.4607
光电工程学院,2026,博士生毕业,12,10.0,0.8333,10.0,0.8333,,0.0,,0.0,,0.0,399,262,0.6566,201.0,92.0,0.4577,198.0,170.0,0.8586,12.0,10.0,0.8333,186.0,160.0,0.8602
光电工程学院,2026,硕士生毕业,186,164.0,0.8817,164.0,0.8817,,0.0,,0.0,,0.0,399,262,0.6566,201.0,92.0,0.4577,198.0,170.0,0.8586,12.0,10.0,0.8333,186.0,160.0,0.8602
光电工程学院,2026,本科生毕业,201,96.0,0.4776,34.0,0.1692,62.0,0.3085,61.0,0.3035,1.0,0.005,399,262,0.6566,201.0,92.0,0.4577,198.0,170.0,0.8586,12.0,10.0,0.8333,186.0,160.0,0.8602
光电工程学院,2026,小计,399,270.0,0.6767,208.0,0.5213,62.0,0.1554,61.0,0.1529,1.0,0.0025,399,262,0.6566,201.0,92.0,0.4577,198.0,170.0,0.8586,12.0,10.0,0.8333,186.0,160.0,0.8602
自动化学院,2026,博士生毕业,6,4.0,0.6667,4.0,0.6667,,0.0,,0.0,,0.0,448,298,0.6652,259.0,138.0,0.5328,189.0,160.0,0.8466,6.0,4.0,0.6667,183.0,156.0,0.8525
自动化学院,2026,硕士生毕业,183,157.0,0.8579,157.0,0.8579,,0.0,,0.0,,0.0,448,298,0.6652,259.0,138.0,0.5328,189.0,160.0,0.8466,6.0,4.0,0.6667,183.0,156.0,0.8525
自动化学院,2026,本科生毕业,259,141.0,0.5444,72.0,0.278,69.0,0.2664,69.0,0.2664,,0.0,448,298,0.6652,259.0,138.0,0.5328,189.0,160.0,0.8466,6.0,4.0,0.6667,183.0,156.0,0.8525
自动化学院,2026,小计,448,302.0,0.6741,233.0,0.5201,69.0,0.154,69.0,0.154,,0.0,448,298,0.6652,259.0,138.0,0.5328,189.0,160.0,0.8466,6.0,4.0,0.6667,183.0,156.0,0.8525
数学与统计学院,2026,博士生毕业,4,1.0,0.25,1.0,0.25,,0.0,,0.0,,0.0,288,151,0.5243,170.0,91.0,0.5353,118.0,60.0,0.5085,4.0,1.0,0.25,114.0,59.0,0.5175
数学与统计学院,2026,硕士生毕业,114,59.0,0.5175,59.0,0.5175,,0.0,,0.0,,0.0,288,151,0.5243,170.0,91.0,0.5353,118.0,60.0,0.5085,4.0,1.0,0.25,114.0,59.0,0.5175
数学与统计学院,2026,本科生毕业,170,93.0,0.5471,11.0,0.0647,82.0,0.4824,75.0,0.4412,7.0,0.0412,288,151,0.5243,170.0,91.0,0.5353,118.0,60.0,0.5085,4.0,1.0,0.25,114.0,59.0,0.5175
数学与统计学院,2026,小计,288,153.0,0.5313,71.0,0.2465,82.0,0.2847,75.0,0.2604,7.0,0.0243,288,151,0.5243,170.0,91.0,0.5353,118.0,60.0,0.5085,4.0,1.0,0.25,114.0,59.0,0.5175
物理学院,2026,博士生毕业,1,1.0,1.0,1.0,1.0,,0.0,,0.0,,0.0,237,115,0.4852,158.0,76.0,0.481,79.0,39.0,0.4937,1.0,1.0,1.0,78.0,38.0,0.4872
物理学院,2026,硕士生毕业,78,38.0,0.4872,38.0,0.4872,,0.0,,0.0,,0.0,237,115,0.4852,158.0,76.0,0.481,79.0,39.0,0.4937,1.0,1.0,1.0,78.0,38.0,0.4872
物理学院,2026,本科生毕业,158,78.0,0.4937,9.0,0.057,69.0,0.4367,67.0,0.4241,2.0,0.0127,237,115,0.4852,158.0,76.0,0.481,79.0,39.0,0.4937,1.0,1.0,1.0,78.0,38.0,0.4872
物理学院,2026,小计,237,117.0,0.4937,48.0,0.2025,69.0,0.2911,67.0,0.2827,2.0,0.0084,237,115,0.4852,158.0,76.0,0.481,79.0,39.0,0.4937,1.0,1.0,1.0,78.0,38.0,0.4872
药学院,2026,博士生毕业,2,,0.0,,0.0,,0.0,,0.0,,0.0,144,60,0.4167,54.0,20.0,0.3704,90.0,40.0,0.4444,2.0,,0.0,88.0,40.0,0.4545
药学院,2026,硕士生毕业,88,41.0,0.4659,40.0,0.4545,1.0,0.0114,,0.0,1.0,0.0114,144,60,0.4167,54.0,20.0,0.3704,90.0,40.0,0.4444,2.0,,0.0,88.0,40.0,0.4545
药学院,2026,本科生毕业,54,20.0,0.3704,6.0,0.1111,14.0,0.2593,14.0,0.2593,,0.0,144,60,0.4167,54.0,20.0,0.3704,90.0,40.0,0.4444,2.0,,0.0,88.0,40.0,0.4545
药学院,2026,小计,144,61.0,0.4236,46.0,0.3194,15.0,0.1042,14.0,0.0972,1.0,0.0069,144,60,0.4167,54.0,20.0,0.3704,90.0,40.0,0.4444,2.0,,0.0,88.0,40.0,0.4545
重庆大学-辛辛那提大学联合学院,2026,本科生毕业,95,51.0,0.5368,15.0,0.1579,36.0,0.3789,27.0,0.2842,9.0,0.0947,95,50,0.5263,95.0,50.0,0.5263,,,,,,,,,
能源与动力工程学院,2026,博士生毕业,15,13.0,0.8667,13.0,0.8667,,0.0,,0.0,,0.0,448,300,0.6696,251.0,130.0,0.5179,197.0,170.0,0.8629,14.0,13.0,0.9286,183.0,157.0,0.8579
能源与动力工程学院,2026,硕士生毕业,183,157.0,0.8579,157.0,0.8579,,0.0,,0.0,,0.0,448,300,0.6696,251.0,130.0,0.5179,197.0,170.0,0.8629,14.0,13.0,0.9286,183.0,157.0,0.8579
能源与动力工程学院,2026,本科生毕业,251,134.0,0.5339,52.0,0.2072,82.0,0.3267,81.0,0.3227,1.0,0.004,448,300,0.6696,251.0,130.0,0.5179,197.0,170.0,0.8629,14.0,13.0,0.9286,183.0,157.0,0.8579
能源与动力工程学院,2026,小计,449,304.0,0.6771,222.0,0.4944,82.0,0.1826,81.0,0.1804,1.0,0.0022,448,300,0.6696,251.0,130.0,0.5179,197.0,170.0,0.8629,14.0,13.0,0.9286,183.0,157.0,0.8579
电气工程学院,2026,博士生毕业,50,36.0,0.72,36.0,0.72,,0.0,,0.0,,0.0,699,548,0.784,318.0,191.0,0.6006,381.0,357.0,0.937,50.0,36.0,0.72,331.0,321.0,0.9698
电气工程学院,2026,硕士生毕业,331,322.0,0.9728,321.0,0.9698,1.0,0.003,1.0,0.003,,0.0,699,548,0.784,318.0,191.0,0.6006,381.0,357.0,0.937,50.0,36.0,0.72,331.0,321.0,0.9698
电气工程学院,2026,本科生毕业,318,196.0,0.6164,91.0,0.2862,105.0,0.3302,105.0,0.3302,,0.0,699,548,0.784,318.0,191.0,0.6006,381.0,357.0,0.937,50.0,36.0,0.72,331.0,321.0,0.9698
电气工程学院,2026,小计,699,554.0,0.7926,448.0,0.6409,106.0,0.1516,106.0,0.1516,,0.0,699,548,0.784,318.0,191.0,0.6006,381.0,357.0,0.937,50.0,36.0,0.72,331.0,321.0,0.9698
体育学院,2026,硕士生毕业,12,1.0,0.0833,1.0,0.0833,,0.0,,0.0,,0.0,42,10,0.2381,30.0,9.0,0.3,12.0,1.0,0.0833,,,,12.0,1.0,0.0833
体育学院,2026,本科生毕业,30,9.0,0.3,3.0,0.1,6.0,0.2,6.0,0.2,,0.0,42,10,0.2381,30.0,9.0,0.3,12.0,1.0,0.0833,,,,12.0,1.0,0.0833
体育学院,2026,小计,42,10.0,0.2381,4.0,0.0952,6.0,0.1429,6.0,0.1429,,0.0,42,10,0.2381,30.0,9.0,0.3,12.0,1.0,0.0833,,,,12.0,1.0,0.0833
美视电影学院,2026,硕士生毕业,49,14.0,0.2857,12.0,0.2449,,0.0,,0.0,,0.0,288,103,0.3576,239.0,90.0,0.3766,49.0,13.0,0.2653,,,,49.0,13.0,0.2653
美视电影学院,2026,本科生毕业,239,90.0,0.3766,32.0,0.1339,57.0,0.2385,49.0,0.205,8.0,0.0335,288,103,0.3576,239.0,90.0,0.3766,49.0,13.0,0.2653,,,,49.0,13.0,0.2653
美视电影学院,2026,小计,288,104.0,0.3611,44.0,0.1528,57.0,0.1979,49.0,0.1701,8.0,0.0278,288,103,0.3576,239.0,90.0,0.3766,49.0,13.0,0.2653,,,,49.0,13.0,0.2653
外国语学院,2026,博士生毕业,8,,0.0,,0.0,,0.0,,0.0,,0.0,221,91,0.4118,117.0,50.0,0.4274,104.0,41.0,0.3942,8.0,,0.0,96.0,41.0,0.4271
外国语学院,2026,硕士生毕业,96,42.0,0.4375,40.0,0.4167,1.0,0.0104,,0.0,1.0,0.0104,221,91,0.4118,117.0,50.0,0.4274,104.0,41.0,0.3942,8.0,,0.0,96.0,41.0,0.4271
外国语学院,2026,本科生毕业,117,51.0,0.4359,17.0,0.1453,34.0,0.2906,28.0,0.2393,6.0,0.0513,221,91,0.4118,117.0,50.0,0.4274,104.0,41.0,0.3942,8.0,,0.0,96.0,41.0,0.4271
外国语学院,2026,小计,221,93.0,0.4208,57.0,0.2579,35.0,0.1584,28.0,0.1267,7.0,0.0317,221,91,0.4118,117.0,50.0,0.4274,104.0,41.0,0.3942,8.0,,0.0,96.0,41.0,0.4271
博雅学院&人文社会科学高等研究院,2026,硕士生毕业,39,14.0,0.359,14.0,0.359,,0.0,,0.0,,0.0,103,41,0.3981,64.0,29.0,0.4531,39.0,12.0,0.3077,,,,39.0,12.0,0.3077
博雅学院&人文社会科学高等研究院,2026,本科生毕业,64,29.0,0.4531,7.0,0.1094,22.0,0.3438,22.0,0.3438,,0.0,103,41,0.3981,64.0,29.0,0.4531,39.0,12.0,0.3077,,,,39.0,12.0,0.3077
博雅学院&人文社会科学高等研究院,2026,小计,103,43.0,0.4175,21.0,0.2039,22.0,0.2136,22.0,0.2136,,0.0,103,41,0.3981,64.0,29.0,0.4531,39.0,12.0,0.3077,,,,39.0,12.0,0.3077
弘深学院,2026,本科生毕业,83,57.0,0.6867,3.0,0.0361,54.0,0.6506,53.0,0.6386,1.0,0.012,83,57,0.6867,83.0,57.0,0.6867,,,,,,,,,
医学院,2026,博士生毕业,4,,0.0,,0.0,,0.0,,0.0,,0.0,97,10,0.1031,,,,97.0,10.0,0.1031,4.0,,0.0,93.0,10.0,0.1075
医学院,2026,硕士生毕业,93,10.0,0.1075,10.0,0.1075,,0.0,,0.0,,0.0,97,10,0.1031,,,,97.0,10.0,0.1031,4.0,,0.0,93.0,10.0,0.1075
医学院,2026,小计,97,10.0,0.1031,10.0,0.1031,,0.0,,0.0,,0.0,97,10,0.1031,,,,97.0,10.0,0.1031,4.0,,0.0,93.0,10.0,0.1075
国家卓越工程师学院,2026,硕士生毕业,80,63.0,0.7875,62.0,0.775,,0.0,,0.0,,0.0,140,103,0.7357,60.0,40.0,0.6667,80.0,63.0,0.7875,,,,80.0,63.0,0.7875
国家卓越工程师学院,2026,本科生毕业,60,41.0,0.6833,13.0,0.2167,28.0,0.4667,25.0,0.4167,3.0,0.05,140,103,0.7357,60.0,40.0,0.6667,80.0,63.0,0.7875,,,,80.0,63.0,0.7875
国家卓越工程师学院,2026,小计,140,104.0,0.7429,75.0,0.5357,28.0,0.2,25.0,0.1786,3.0,0.0214,140,103,0.7357,60.0,40.0,0.6667,80.0,63.0,0.7875,,,,80.0,63.0,0.7875
国家卓越工程师学院,2025,本科生毕业,138,104.0,0.7536,41.0,0.2971,55.0,0.3986,45.0,0.3261,10.0,0.0725,24,24,1.0,24.0,24.0,1.0,,,,,,,,,
国家卓越工程师学院,2025,小计,343,290.0,0.8455,222.0,0.6472,59.0,0.172,48.0,0.1399,11.0,0.0321,24,24,1.0,24.0,24.0,1.0,,,,,,,,,
马克思主义学院,2025,博士生毕业,5,5.0,1.0,5.0,1.0,,0.0,,0.0,,0.0,46,42,0.913,,,,46.0,42.0,0.913,5.0,5.0,1.0,41.0,37.0,0.9024
马克思主义学院,2025,硕士生毕业,41,37.0,0.9024,32.0,0.7805,5.0,0.122,5.0,0.122,,0.0,46,42,0.913,,,,46.0,42.0,0.913,5.0,5.0,1.0,41.0,37.0,0.9024
马克思主义学院,2025,小计,46,42.0,0.913,37.0,0.8043,5.0,0.1087,5.0,0.1087,,0.0,46,42,0.913,,,,46.0,42.0,0.913,5.0,5.0,1.0,41.0,37.0,0.9024
建筑城规学院,2025,博士生毕业,10,6.0,0.6,6.0,0.6,,0.0,,0.0,,0.0,442,361,0.8167,216.0,167.0,0.7731,226.0,194.0,0.8584,10.0,6.0,0.6,216.0,188.0,0.8704
建筑城规学院,2025,硕士生毕业,216,188.0,0.8704,176.0,0.8148,5.0,0.0231,5.0,0.0231,,0.0,442,361,0.8167,216.0,167.0,0.7731,226.0,194.0,0.8584,10.0,6.0,0.6,216.0,188.0,0.8704
建筑城规学院,2025,本科生毕业,216,167.0,0.7731,44.0,0.2037,121.0,0.5602,97.0,0.4491,24.0,0.1111,442,361,0.8167,216.0,167.0,0.7731,226.0,194.0,0.8584,10.0,6.0,0.6,216.0,188.0,0.8704
建筑城规学院,2025,小计,442,361.0,0.8167,226.0,0.5113,126.0,0.2851,102.0,0.2308,24.0,0.0543,442,361,0.8167,216.0,167.0,0.7731,226.0,194.0,0.8584,10.0,6.0,0.6,216.0,188.0,0.8704
环境与生态学院,2025,博士生毕业,25,23.0,0.92,23.0,0.92,,0.0,,0.0,,0.0,460,450,0.9783,212.0,207.0,0.9764,248.0,243.0,0.9798,25.0,23.0,0.92,223.0,220.0,0.9865
环境与生态学院,2025,硕士生毕业,223,220.0,0.9865,185.0,0.8296,26.0,0.1166,24.0,0.1076,2.0,0.009,460,450,0.9783,212.0,207.0,0.9764,248.0,243.0,0.9798,25.0,23.0,0.92,223.0,220.0,0.9865
环境与生态学院,2025,本科生毕业,212,207.0,0.9764,64.0,0.3019,140.0,0.6604,99.0,0.467,41.0,0.1934,460,450,0.9783,212.0,207.0,0.9764,248.0,243.0,0.9798,25.0,23.0,0.92,223.0,220.0,0.9865
环境与生态学院,2025,小计,460,450.0,0.9783,272.0,0.5913,166.0,0.3609,123.0,0.2674,43.0,0.0935,460,450,0.9783,212.0,207.0,0.9764,248.0,243.0,0.9798,25.0,23.0,0.92,223.0,220.0,0.9865
化学化工学院,2025,博士生毕业,43,38.0,0.8837,38.0,0.8837,,0.0,,0.0,,0.0,356,324,0.9101,140.0,115.0,0.8214,216.0,209.0,0.9676,43.0,38.0,0.8837,173.0,171.0,0.9884
化学化工学院,2025,硕士生毕业,173,171.0,0.9884,155.0,0.896,16.0,0.0925,11.0,0.0636,5.0,0.0289,356,324,0.9101,140.0,115.0,0.8214,216.0,209.0,0.9676,43.0,38.0,0.8837,173.0,171.0,0.9884
化学化工学院,2025,本科生毕业,140,115.0,0.8214,50.0,0.3571,65.0,0.4643,60.0,0.4286,5.0,0.0357,356,324,0.9101,140.0,115.0,0.8214,216.0,209.0,0.9676,43.0,38.0,0.8837,173.0,171.0,0.9884
化学化工学院,2025,小计,356,324.0,0.9101,243.0,0.6826,81.0,0.2275,71.0,0.1994,10.0,0.0281,356,324,0.9101,140.0,115.0,0.8214,216.0,209.0,0.9676,43.0,38.0,0.8837,173.0,171.0,0.9884
艺术学院,2025,硕士生毕业,80,71.0,0.8875,52.0,0.65,4.0,0.05,2.0,0.025,2.0,0.025,325,276,0.8492,245.0,205.0,0.8367,80.0,71.0,0.8875,,,,80.0,71.0,0.8875
艺术学院,2025,本科生毕业,245,205.0,0.8367,70.0,0.2857,71.0,0.2898,52.0,0.2122,19.0,0.0776,325,276,0.8492,245.0,205.0,0.8367,80.0,71.0,0.8875,,,,80.0,71.0,0.8875
艺术学院,2025,小计,325,276.0,0.8492,122.0,0.3754,75.0,0.2308,54.0,0.1662,21.0,0.0646,325,276,0.8492,245.0,205.0,0.8367,80.0,71.0,0.8875,,,,80.0,71.0,0.8875
管理科学与房地产学院,2025,博士生毕业,15,11.0,0.7333,11.0,0.7333,,0.0,,0.0,,0.0,619,596,0.9628,237.0,223.0,0.9409,382.0,373.0,0.9764,15.0,11.0,0.7333,367.0,362.0,0.9864
管理科学与房地产学院,2025,硕士生毕业,367,362.0,0.9864,346.0,0.9428,16.0,0.0436,7.0,0.0191,9.0,0.0245,619,596,0.9628,237.0,223.0,0.9409,382.0,373.0,0.9764,15.0,11.0,0.7333,367.0,362.0,0.9864
管理科学与房地产学院,2025,本科生毕业,237,223.0,0.9409,109.0,0.4599,112.0,0.4726,100.0,0.4219,12.0,0.0506,619,596,0.9628,237.0,223.0,0.9409,382.0,373.0,0.9764,15.0,11.0,0.7333,367.0,362.0,0.9864
管理科学与房地产学院,2025,小计,619,596.0,0.9628,466.0,0.7528,128.0,0.2068,107.0,0.1729,21.0,0.0339,619,596,0.9628,237.0,223.0,0.9409,382.0,373.0,0.9764,15.0,11.0,0.7333,367.0,362.0,0.9864
航空航天学院,2025,博士生毕业,15,14.0,0.9333,14.0,0.9333,,0.0,,0.0,,0.0,205,181,0.8829,120.0,99.0,0.825,85.0,82.0,0.9647,15.0,14.0,0.9333,70.0,68.0,0.9714
航空航天学院,2025,硕士生毕业,70,68.0,0.9714,58.0,0.8286,10.0,0.1429,8.0,0.1143,2.0,0.0286,205,181,0.8829,120.0,99.0,0.825,85.0,82.0,0.9647,15.0,14.0,0.9333,70.0,68.0,0.9714
航空航天学院,2025,本科生毕业,120,99.0,0.825,26.0,0.2167,73.0,0.6083,69.0,0.575,4.0,0.0333,205,181,0.8829,120.0,99.0,0.825,85.0,82.0,0.9647,15.0,14.0,0.9333,70.0,68.0,0.9714
航空航天学院,2025,小计,205,181.0,0.8829,98.0,0.478,83.0,0.4049,77.0,0.3756,6.0,0.0293,205,181,0.8829,120.0,99.0,0.825,85.0,82.0,0.9647,15.0,14.0,0.9333,70.0,68.0,0.9714
材料科学与工程学院,2025,博士生毕业,65,56.0,0.8615,56.0,0.8615,,0.0,,0.0,,0.0,626,544,0.869,281.0,221.0,0.7865,345.0,323.0,0.9362,68.0,57.0,0.8382,277.0,266.0,0.9603
材料科学与工程学院,2025,博士生结业,3,1.0,0.3333,1.0,0.3333,,0.0,,0.0,,0.0,626,544,0.869,281.0,221.0,0.7865,345.0,323.0,0.9362,68.0,57.0,0.8382,277.0,266.0,0.9603
材料科学与工程学院,2025,硕士生毕业,275,266.0,0.9673,238.0,0.8655,28.0,0.1018,23.0,0.0836,5.0,0.0182,626,544,0.869,281.0,221.0,0.7865,345.0,323.0,0.9362,68.0,57.0,0.8382,277.0,266.0,0.9603
材料科学与工程学院,2025,硕士生结业,2,,0.0,,0.0,,0.0,,0.0,,0.0,626,544,0.869,281.0,221.0,0.7865,345.0,323.0,0.9362,68.0,57.0,0.8382,277.0,266.0,0.9603
材料科学与工程学院,2025,本科生毕业,281,221.0,0.7865,114.0,0.4057,106.0,0.3772,104.0,0.3701,2.0,0.0071,626,544,0.869,281.0,221.0,0.7865,345.0,323.0,0.9362,68.0,57.0,0.8382,277.0,266.0,0.9603
材料科学与工程学院,2025,小计,626,544.0,0.869,409.0,0.6534,134.0,0.2141,127.0,0.2029,7.0,0.0112,626,544,0.869,281.0,221.0,0.7865,345.0,323.0,0.9362,68.0,57.0,0.8382,277.0,266.0,0.9603
经济与工商管理学院,2025,博士生毕业,33,28.0,0.8485,28.0,0.8485,,0.0,,0.0,,0.0,1045,1014,0.9703,276.0,260.0,0.942,769.0,754.0,0.9805,33.0,28.0,0.8485,736.0,726.0,0.9864
经济与工商管理学院,2025,硕士生毕业,736,726.0,0.9864,720.0,0.9783,5.0,0.0068,5.0,0.0068,,0.0,1045,1014,0.9703,276.0,260.0,0.942,769.0,754.0,0.9805,33.0,28.0,0.8485,736.0,726.0,0.9864
经济与工商管理学院,2025,本科生毕业,276,260.0,0.942,111.0,0.4022,149.0,0.5399,99.0,0.3587,50.0,0.1812,1045,1014,0.9703,276.0,260.0,0.942,769.0,754.0,0.9805,33.0,28.0,0.8485,736.0,726.0,0.9864
经济与工商管理学院,2025,小计,1045,1014.0,0.9703,859.0,0.822,154.0,0.1474,104.0,0.0995,50.0,0.0478,1045,1014,0.9703,276.0,260.0,0.942,769.0,754.0,0.9805,33.0,28.0,0.8485,736.0,726.0,0.9864
公共管理学院,2025,博士生毕业,20,15.0,0.75,15.0,0.75,,0.0,,0.0,,0.0,561,515,0.918,161.0,142.0,0.882,400.0,373.0,0.9325,22.0,15.0,0.6818,378.0,358.0,0.9471
公共管理学院,2025,博士生结业,2,,0.0,,0.0,,0.0,,0.0,,0.0,561,515,0.918,161.0,142.0,0.882,400.0,373.0,0.9325,22.0,15.0,0.6818,378.0,358.0,0.9471
公共管理学院,2025,硕士生毕业,378,358.0,0.9471,348.0,0.9206,10.0,0.0265,7.0,0.0185,3.0,0.0079,561,515,0.918,161.0,142.0,0.882,400.0,373.0,0.9325,22.0,15.0,0.6818,378.0,358.0,0.9471
公共管理学院,2025,本科生毕业,161,142.0,0.882,80.0,0.4969,61.0,0.3789,45.0,0.2795,16.0,0.0994,561,515,0.918,161.0,142.0,0.882,400.0,373.0,0.9325,22.0,15.0,0.6818,378.0,358.0,0.9471
公共管理学院,2025,小计,561,515.0,0.918,443.0,0.7897,71.0,0.1266,52.0,0.0927,19.0,0.0339,561,515,0.918,161.0,142.0,0.882,400.0,373.0,0.9325,22.0,15.0,0.6818,378.0,358.0,0.9471
微电子与通信工程学院,2025,博士生毕业,10,10.0,1.0,10.0,1.0,,0.0,,0.0,,0.0,455,433,0.9516,282.0,261.0,0.9255,173.0,172.0,0.9942,10.0,10.0,1.0,163.0,162.0,0.9939
微电子与通信工程学院,2025,硕士生毕业,163,162.0,0.9939,151.0,0.9264,11.0,0.0675,9.0,0.0552,2.0,0.0123,455,433,0.9516,282.0,261.0,0.9255,173.0,172.0,0.9942,10.0,10.0,1.0,163.0,162.0,0.9939
微电子与通信工程学院,2025,本科生毕业,282,261.0,0.9255,100.0,0.3546,161.0,0.5709,123.0,0.4362,38.0,0.1348,455,433,0.9516,282.0,261.0,0.9255,173.0,172.0,0.9942,10.0,10.0,1.0,163.0,162.0,0.9939
微电子与通信工程学院,2025,小计,455,433.0,0.9516,261.0,0.5736,172.0,0.378,132.0,0.2901,40.0,0.0879,455,433,0.9516,282.0,261.0,0.9255,173.0,172.0,0.9942,10.0,10.0,1.0,163.0,162.0,0.9939
计算机学院,2025,博士生毕业,15,13.0,0.8667,13.0,0.8667,,0.0,,0.0,,0.0,497,454,0.9135,315.0,276.0,0.8762,182.0,178.0,0.978,15.0,13.0,0.8667,167.0,165.0,0.988
计算机学院,2025,硕士生毕业,167,165.0,0.988,156.0,0.9341,7.0,0.0419,5.0,0.0299,2.0,0.012,497,454,0.9135,315.0,276.0,0.8762,182.0,178.0,0.978,15.0,13.0,0.8667,167.0,165.0,0.988
计算机学院,2025,本科生毕业,315,276.0,0.8762,114.0,0.3619,159.0,0.5048,138.0,0.4381,21.0,0.0667,497,454,0.9135,315.0,276.0,0.8762,182.0,178.0,0.978,15.0,13.0,0.8667,167.0,165.0,0.988
计算机学院,2025,小计,497,454.0,0.9135,283.0,0.5694,166.0,0.334,143.0,0.2877,23.0,0.0463,497,454,0.9135,315.0,276.0,0.8762,182.0,178.0,0.978,15.0,13.0,0.8667,167.0,165.0,0.988
土木工程学院,2025,博士生毕业,77,71.0,0.9221,70.0,0.9091,1.0,0.013,1.0,0.013,,0.0,1049,923,0.8799,526.0,437.0,0.8308,523.0,486.0,0.9293,77.0,70.0,0.9091,446.0,416.0,0.9327
土木工程学院,2025,硕士生毕业,446,416.0,0.9327,368.0,0.8251,48.0,0.1076,37.0,0.083,11.0,0.0247,1049,923,0.8799,526.0,437.0,0.8308,523.0,486.0,0.9293,77.0,70.0,0.9091,446.0,416.0,0.9327
土木工程学院,2025,本科生毕业,525,437.0,0.8324,219.0,0.4171,216.0,0.4114,206.0,0.3924,10.0,0.019,1049,923,0.8799,526.0,437.0,0.8308,523.0,486.0,0.9293,77.0,70.0,0.9091,446.0,416.0,0.9327
土木工程学院,2025,本科生结业,1,,0.0,,0.0,,0.0,,0.0,,0.0,1049,923,0.8799,526.0,437.0,0.8308,523.0,486.0,0.9293,77.0,70.0,0.9091,446.0,416.0,0.9327
土木工程学院,2025,小计,1049,924.0,0.8808,657.0,0.6263,265.0,0.2526,244.0,0.2326,21.0,0.02,1049,923,0.8799,526.0,437.0,0.8308,523.0,486.0,0.9293,77.0,70.0,0.9091,446.0,416.0,0.9327
大数据与软件学院,2025,博士生毕业,7,6.0,0.8571,6.0,0.8571,,0.0,,0.0,,0.0,359,335,0.9331,250.0,228.0,0.912,109.0,107.0,0.9817,7.0,6.0,0.8571,102.0,101.0,0.9902
大数据与软件学院,2025,硕士生毕业,102,101.0,0.9902,91.0,0.8922,10.0,0.098,7.0,0.0686,3.0,0.0294,359,335,0.9331,250.0,228.0,0.912,109.0,107.0,0.9817,7.0,6.0,0.8571,102.0,101.0,0.9902
大数据与软件学院,2025,本科生毕业,250,228.0,0.912,72.0,0.288,155.0,0.62,119.0,0.476,36.0,0.144,359,335,0.9331,250.0,228.0,0.912,109.0,107.0,0.9817,7.0,6.0,0.8571,102.0,101.0,0.9902
大数据与软件学院,2025,小计,359,335.0,0.9331,169.0,0.4708,165.0,0.4596,126.0,0.351,39.0,0.1086,359,335,0.9331,250.0,228.0,0.912,109.0,107.0,0.9817,7.0,6.0,0.8571,102.0,101.0,0.9902
生命科学学院,2025,博士生毕业,9,6.0,0.6667,6.0,0.6667,,0.0,,0.0,,0.0,106,85,0.8019,40.0,34.0,0.85,66.0,51.0,0.7727,11.0,6.0,0.5455,55.0,45.0,0.8182
生命科学学院,2025,博士生结业,2,,0.0,,0.0,,0.0,,0.0,,0.0,106,85,0.8019,40.0,34.0,0.85,66.0,51.0,0.7727,11.0,6.0,0.5455,55.0,45.0,0.8182
生命科学学院,2025,硕士生毕业,54,45.0,0.8333,38.0,0.7037,7.0,0.1296,6.0,0.1111,1.0,0.0185,106,85,0.8019,40.0,34.0,0.85,66.0,51.0,0.7727,11.0,6.0,0.5455,55.0,45.0,0.8182
生命科学学院,2025,硕士生结业,1,,0.0,,0.0,,0.0,,0.0,,0.0,106,85,0.8019,40.0,34.0,0.85,66.0,51.0,0.7727,11.0,6.0,0.5455,55.0,45.0,0.8182
生命科学学院,2025,本科生毕业,40,34.0,0.85,11.0,0.275,22.0,0.55,18.0,0.45,4.0,0.1,106,85,0.8019,40.0,34.0,0.85,66.0,51.0,0.7727,11.0,6.0,0.5455,55.0,45.0,0.8182
生命科学学院,2025,小计,106,85.0,0.8019,55.0,0.5189,29.0,0.2736,24.0,0.2264,5.0,0.0472,106,85,0.8019,40.0,34.0,0.85,66.0,51.0,0.7727,11.0,6.0,0.5455,55.0,45.0,0.8182
机械与运载工程学院,2025,博士生毕业,65,58.0,0.8923,58.0,0.8923,,0.0,,0.0,,0.0,1102,1030,0.9347,549.0,486.0,0.8852,553.0,544.0,0.9837,65.0,58.0,0.8923,488.0,486.0,0.9959
机械与运载工程学院,2025,硕士生毕业,488,486.0,0.9959,459.0,0.9406,27.0,0.0553,25.0,0.0512,2.0,0.0041,1102,1030,0.9347,549.0,486.0,0.8852,553.0,544.0,0.9837,65.0,58.0,0.8923,488.0,486.0,0.9959
机械与运载工程学院,2025,本科生毕业,549,486.0,0.8852,152.0,0.2769,332.0,0.6047,310.0,0.5647,22.0,0.0401,1102,1030,0.9347,549.0,486.0,0.8852,553.0,544.0,0.9837,65.0,58.0,0.8923,488.0,486.0,0.9959
机械与运载工程学院,2025,小计,1102,1030.0,0.9347,669.0,0.6071,359.0,0.3258,335.0,0.304,24.0,0.0218,1102,1030,0.9347,549.0,486.0,0.8852,553.0,544.0,0.9837,65.0,58.0,0.8923,488.0,486.0,0.9959
资源与安全学院,2025,博士生毕业,30,25.0,0.8333,25.0,0.8333,,0.0,,0.0,,0.0,252,232,0.9206,83.0,76.0,0.9157,169.0,156.0,0.9231,30.0,24.0,0.8,139.0,132.0,0.9496
资源与安全学院,2025,硕士生毕业,139,132.0,0.9496,120.0,0.8633,12.0,0.0863,10.0,0.0719,2.0,0.0144,252,232,0.9206,83.0,76.0,0.9157,169.0,156.0,0.9231,30.0,24.0,0.8,139.0,132.0,0.9496
资源与安全学院,2025,本科生毕业,83,76.0,0.9157,44.0,0.5301,31.0,0.3735,29.0,0.3494,2.0,0.0241,252,232,0.9206,83.0,76.0,0.9157,169.0,156.0,0.9231,30.0,24.0,0.8,139.0,132.0,0.9496
资源与安全学院,2025,小计,252,233.0,0.9246,189.0,0.75,43.0,0.1706,39.0,0.1548,4.0,0.0159,252,232,0.9206,83.0,76.0,0.9157,169.0,156.0,0.9231,30.0,24.0,0.8,139.0,132.0,0.9496
生物工程学院,2025,博士生毕业,35,31.0,0.8857,31.0,0.8857,,0.0,,0.0,,0.0,335,261,0.7791,130.0,100.0,0.7692,205.0,161.0,0.7854,35.0,30.0,0.8571,170.0,131.0,0.7706
生物工程学院,2025,硕士生毕业,169,131.0,0.7751,109.0,0.645,22.0,0.1302,21.0,0.1243,1.0,0.0059,335,261,0.7791,130.0,100.0,0.7692,205.0,161.0,0.7854,35.0,30.0,0.8571,170.0,131.0,0.7706
生物工程学院,2025,硕士生结业,1,,0.0,,0.0,,0.0,,0.0,,0.0,335,261,0.7791,130.0,100.0,0.7692,205.0,161.0,0.7854,35.0,30.0,0.8571,170.0,131.0,0.7706
生物工程学院,2025,本科生毕业,130,100.0,0.7692,12.0,0.0923,88.0,0.6769,84.0,0.6462,4.0,0.0308,335,261,0.7791,130.0,100.0,0.7692,205.0,161.0,0.7854,35.0,30.0,0.8571,170.0,131.0,0.7706
生物工程学院,2025,小计,335,262.0,0.7821,152.0,0.4537,110.0,0.3284,105.0,0.3134,5.0,0.0149,335,261,0.7791,130.0,100.0,0.7692,205.0,161.0,0.7854,35.0,30.0,0.8571,170.0,131.0,0.7706
新闻学院,2025,博士生毕业,4,3.0,0.75,3.0,0.75,,0.0,,0.0,,0.0,198,161,0.8131,103.0,80.0,0.7767,95.0,81.0,0.8526,4.0,3.0,0.75,91.0,78.0,0.8571
新闻学院,2025,硕士生毕业,91,78.0,0.8571,72.0,0.7912,5.0,0.0549,4.0,0.044,1.0,0.011,198,161,0.8131,103.0,80.0,0.7767,95.0,81.0,0.8526,4.0,3.0,0.75,91.0,78.0,0.8571
新闻学院,2025,本科生毕业,103,80.0,0.7767,47.0,0.4563,31.0,0.301,26.0,0.2524,5.0,0.0485,198,161,0.8131,103.0,80.0,0.7767,95.0,81.0,0.8526,4.0,3.0,0.75,91.0,78.0,0.8571
新闻学院,2025,小计,198,161.0,0.8131,122.0,0.6162,36.0,0.1818,30.0,0.1515,6.0,0.0303,198,161,0.8131,103.0,80.0,0.7767,95.0,81.0,0.8526,4.0,3.0,0.75,91.0,78.0,0.8571
光电工程学院,2025,博士生毕业,32,29.0,0.9063,29.0,0.9063,,0.0,,0.0,,0.0,341,323,0.9472,142.0,129.0,0.9085,199.0,194.0,0.9749,33.0,30.0,0.9091,166.0,164.0,0.988
光电工程学院,2025,博士生结业,1,1.0,1.0,1.0,1.0,,0.0,,0.0,,0.0,341,323,0.9472,142.0,129.0,0.9085,199.0,194.0,0.9749,33.0,30.0,0.9091,166.0,164.0,0.988
光电工程学院,2025,硕士生毕业,166,164.0,0.988,152.0,0.9157,12.0,0.0723,8.0,0.0482,4.0,0.0241,341,323,0.9472,142.0,129.0,0.9085,199.0,194.0,0.9749,33.0,30.0,0.9091,166.0,164.0,0.988
光电工程学院,2025,本科生毕业,142,129.0,0.9085,72.0,0.507,56.0,0.3944,53.0,0.3732,3.0,0.0211,341,323,0.9472,142.0,129.0,0.9085,199.0,194.0,0.9749,33.0,30.0,0.9091,166.0,164.0,0.988
光电工程学院,2025,小计,341,323.0,0.9472,254.0,0.7449,68.0,0.1994,61.0,0.1789,7.0,0.0205,341,323,0.9472,142.0,129.0,0.9085,199.0,194.0,0.9749,33.0,30.0,0.9091,166.0,164.0,0.988
自动化学院,2025,博士生毕业,19,18.0,0.9474,16.0,0.8421,2.0,0.1053,,0.0,2.0,0.1053,457,433,0.9475,267.0,245.0,0.9176,190.0,188.0,0.9895,19.0,18.0,0.9474,171.0,170.0,0.9942
自动化学院,2025,硕士生毕业,171,170.0,0.9942,162.0,0.9474,8.0,0.0468,7.0,0.0409,1.0,0.0058,457,433,0.9475,267.0,245.0,0.9176,190.0,188.0,0.9895,19.0,18.0,0.9474,171.0,170.0,0.9942
自动化学院,2025,本科生毕业,267,245.0,0.9176,130.0,0.4869,115.0,0.4307,109.0,0.4082,6.0,0.0225,457,433,0.9475,267.0,245.0,0.9176,190.0,188.0,0.9895,19.0,18.0,0.9474,171.0,170.0,0.9942
自动化学院,2025,小计,457,433.0,0.9475,308.0,0.674,125.0,0.2735,116.0,0.2538,9.0,0.0197,457,433,0.9475,267.0,245.0,0.9176,190.0,188.0,0.9895,19.0,18.0,0.9474,171.0,170.0,0.9942
数学与统计学院,2025,博士生毕业,15,14.0,0.9333,14.0,0.9333,,0.0,,0.0,,0.0,349,321,0.9198,220.0,199.0,0.9045,129.0,122.0,0.9457,15.0,14.0,0.9333,114.0,108.0,0.9474
数学与统计学院,2025,硕士生毕业,114,108.0,0.9474,103.0,0.9035,4.0,0.0351,3.0,0.0263,1.0,0.0088,349,321,0.9198,220.0,199.0,0.9045,129.0,122.0,0.9457,15.0,14.0,0.9333,114.0,108.0,0.9474
数学与统计学院,2025,本科生毕业,220,199.0,0.9045,58.0,0.2636,132.0,0.6,118.0,0.5364,14.0,0.0636,349,321,0.9198,220.0,199.0,0.9045,129.0,122.0,0.9457,15.0,14.0,0.9333,114.0,108.0,0.9474
数学与统计学院,2025,小计,349,321.0,0.9198,175.0,0.5014,136.0,0.3897,121.0,0.3467,15.0,0.043,349,321,0.9198,220.0,199.0,0.9045,129.0,122.0,0.9457,15.0,14.0,0.9333,114.0,108.0,0.9474
物理学院,2025,博士生毕业,24,24.0,1.0,24.0,1.0,,0.0,,0.0,,0.0,247,217,0.8785,157.0,130.0,0.828,90.0,87.0,0.9667,25.0,25.0,1.0,65.0,62.0,0.9538
物理学院,2025,博士生结业,1,1.0,1.0,,0.0,1.0,1.0,,0.0,1.0,1.0,247,217,0.8785,157.0,130.0,0.828,90.0,87.0,0.9667,25.0,25.0,1.0,65.0,62.0,0.9538
物理学院,2025,硕士生毕业,65,62.0,0.9538,54.0,0.8308,8.0,0.1231,8.0,0.1231,,0.0,247,217,0.8785,157.0,130.0,0.828,90.0,87.0,0.9667,25.0,25.0,1.0,65.0,62.0,0.9538
物理学院,2025,本科生毕业,157,130.0,0.828,50.0,0.3185,80.0,0.5096,72.0,0.4586,8.0,0.051,247,217,0.8785,157.0,130.0,0.828,90.0,87.0,0.9667,25.0,25.0,1.0,65.0,62.0,0.9538
物理学院,2025,小计,247,217.0,0.8785,128.0,0.5182,89.0,0.3603,80.0,0.3239,9.0,0.0364,247,217,0.8785,157.0,130.0,0.828,90.0,87.0,0.9667,25.0,25.0,1.0,65.0,62.0,0.9538
药学院,2025,博士生毕业,9,7.0,0.7778,7.0,0.7778,,0.0,,0.0,,0.0,130,118,0.9077,57.0,49.0,0.8596,73.0,69.0,0.9452,9.0,7.0,0.7778,64.0,62.0,0.9688
药学院,2025,硕士生毕业,64,62.0,0.9688,49.0,0.7656,13.0,0.2031,11.0,0.1719,2.0,0.0313,130,118,0.9077,57.0,49.0,0.8596,73.0,69.0,0.9452,9.0,7.0,0.7778,64.0,62.0,0.9688
药学院,2025,本科生毕业,57,49.0,0.8596,13.0,0.2281,36.0,0.6316,36.0,0.6316,,0.0,130,118,0.9077,57.0,49.0,0.8596,73.0,69.0,0.9452,9.0,7.0,0.7778,64.0,62.0,0.9688
药学院,2025,小计,130,118.0,0.9077,69.0,0.5308,49.0,0.3769,47.0,0.3615,2.0,0.0154,130,118,0.9077,57.0,49.0,0.8596,73.0,69.0,0.9452,9.0,7.0,0.7778,64.0,62.0,0.9688
重庆大学-辛辛那提大学联合学院,2025,本科生毕业,102,98.0,0.9608,18.0,0.1765,79.0,0.7745,31.0,0.3039,48.0,0.4706,102,98,0.9608,102.0,98.0,0.9608,,,,,,,,,
能源与动力工程学院,2025,博士生毕业,28,25.0,0.8929,25.0,0.8929,,0.0,,0.0,,0.0,425,407,0.9576,232.0,218.0,0.9397,193.0,189.0,0.9793,28.0,26.0,0.9286,165.0,163.0,0.9879
能源与动力工程学院,2025,硕士生毕业,165,163.0,0.9879,151.0,0.9152,11.0,0.0667,10.0,0.0606,1.0,0.0061,425,407,0.9576,232.0,218.0,0.9397,193.0,189.0,0.9793,28.0,26.0,0.9286,165.0,163.0,0.9879
能源与动力工程学院,2025,本科生毕业,232,218.0,0.9397,60.0,0.2586,158.0,0.681,147.0,0.6336,11.0,0.0474,425,407,0.9576,232.0,218.0,0.9397,193.0,189.0,0.9793,28.0,26.0,0.9286,165.0,163.0,0.9879
能源与动力工程学院,2025,小计,425,406.0,0.9553,236.0,0.5553,169.0,0.3976,157.0,0.3694,12.0,0.0282,425,407,0.9576,232.0,218.0,0.9397,193.0,189.0,0.9793,28.0,26.0,0.9286,165.0,163.0,0.9879
电气工程学院,2025,博士生毕业,45,43.0,0.9556,43.0,0.9556,,0.0,,0.0,,0.0,652,637,0.977,315.0,304.0,0.9651,337.0,333.0,0.9881,45.0,43.0,0.9556,292.0,290.0,0.9932
电气工程学院,2025,硕士生毕业,292,289.0,0.9897,278.0,0.9521,11.0,0.0377,11.0,0.0377,,0.0,652,637,0.977,315.0,304.0,0.9651,337.0,333.0,0.9881,45.0,43.0,0.9556,292.0,290.0,0.9932
电气工程学院,2025,本科生毕业,315,304.0,0.9651,130.0,0.4127,174.0,0.5524,171.0,0.5429,3.0,0.0095,652,637,0.977,315.0,304.0,0.9651,337.0,333.0,0.9881,45.0,43.0,0.9556,292.0,290.0,0.9932
电气工程学院,2025,小计,652,636.0,0.9755,451.0,0.6917,185.0,0.2837,182.0,0.2791,3.0,0.0046,652,637,0.977,315.0,304.0,0.9651,337.0,333.0,0.9881,45.0,43.0,0.9556,292.0,290.0,0.9932
体育学院,2025,硕士生毕业,16,15.0,0.9375,15.0,0.9375,,0.0,,0.0,,0.0,44,39,0.8864,28.0,24.0,0.8571,16.0,15.0,0.9375,,,,16.0,15.0,0.9375
体育学院,2025,本科生毕业,28,24.0,0.8571,14.0,0.5,8.0,0.2857,8.0,0.2857,,0.0,44,39,0.8864,28.0,24.0,0.8571,16.0,15.0,0.9375,,,,16.0,15.0,0.9375
体育学院,2025,小计,44,39.0,0.8864,29.0,0.6591,8.0,0.1818,8.0,0.1818,,0.0,44,39,0.8864,28.0,24.0,0.8571,16.0,15.0,0.9375,,,,16.0,15.0,0.9375
美视电影学院,2025,硕士生毕业,74,65.0,0.8784,51.0,0.6892,,0.0,,0.0,,0.0,318,277,0.8711,244.0,212.0,0.8689,74.0,65.0,0.8784,,,,74.0,65.0,0.8784
美视电影学院,2025,本科生毕业,244,212.0,0.8689,53.0,0.2172,97.0,0.3975,59.0,0.2418,38.0,0.1557,318,277,0.8711,244.0,212.0,0.8689,74.0,65.0,0.8784,,,,74.0,65.0,0.8784
美视电影学院,2025,小计,318,277.0,0.8711,104.0,0.327,97.0,0.305,59.0,0.1855,38.0,0.1195,318,277,0.8711,244.0,212.0,0.8689,74.0,65.0,0.8784,,,,74.0,65.0,0.8784
外国语学院,2025,硕士生毕业,59,50.0,0.8475,45.0,0.7627,5.0,0.0847,4.0,0.0678,1.0,0.0169,180,152,0.8444,121.0,102.0,0.843,59.0,50.0,0.8475,,,,59.0,50.0,0.8475
外国语学院,2025,本科生毕业,121,102.0,0.843,37.0,0.3058,55.0,0.4545,40.0,0.3306,15.0,0.124,180,152,0.8444,121.0,102.0,0.843,59.0,50.0,0.8475,,,,59.0,50.0,0.8475
外国语学院,2025,小计,180,152.0,0.8444,82.0,0.4556,60.0,0.3333,44.0,0.2444,16.0,0.0889,180,152,0.8444,121.0,102.0,0.843,59.0,50.0,0.8475,,,,59.0,50.0,0.8475
博雅学院&人文社会科学高等研究院,2025,硕士生毕业,40,35.0,0.875,34.0,0.85,1.0,0.025,1.0,0.025,,0.0,96,78,0.8125,56.0,43.0,0.7679,40.0,35.0,0.875,,,,40.0,35.0,0.875
博雅学院&人文社会科学高等研究院,2025,本科生毕业,56,43.0,0.7679,13.0,0.2321,30.0,0.5357,24.0,0.4286,6.0,0.1071,96,78,0.8125,56.0,43.0,0.7679,40.0,35.0,0.875,,,,40.0,35.0,0.875
博雅学院&人文社会科学高等研究院,2025,小计,96,78.0,0.8125,47.0,0.4896,31.0,0.3229,25.0,0.2604,6.0,0.0625,96,78,0.8125,56.0,43.0,0.7679,40.0,35.0,0.875,,,,40.0,35.0,0.875
医学院,2025,博士生毕业,4,4.0,1.0,4.0,1.0,,0.0,,0.0,,0.0,95,79,0.8316,,,,95.0,79.0,0.8316,4.0,4.0,1.0,91.0,75.0,0.8242
医学院,2025,硕士生毕业,90,74.0,0.8222,55.0,0.6111,19.0,0.2111,17.0,0.1889,2.0,0.0222,95,79,0.8316,,,,95.0,79.0,0.8316,4.0,4.0,1.0,91.0,75.0,0.8242
医学院,2025,硕士生结业,1,1.0,1.0,1.0,1.0,,0.0,,0.0,,0.0,95,79,0.8316,,,,95.0,79.0,0.8316,4.0,4.0,1.0,91.0,75.0,0.8242
医学院,2025,小计,95,79.0,0.8316,60.0,0.6316,19.0,0.2,17.0,0.1789,2.0,0.0211,95,79,0.8316,,,,95.0,79.0,0.8316,4.0,4.0,1.0,91.0,75.0,0.8242
国家卓越工程师学院,2025,本科生毕业,24,24.0,1.0,4.0,0.1667,20.0,0.8333,15.0,0.625,5.0,0.2083,24,24,1.0,24.0,24.0,1.0,,,,,,,,,
国家卓越工程师学院,2024,本科生毕业,145,118.0,0.8138,46.0,0.3172,66.0,0.4552,52.0,0.3586,14.0,0.0966,28,28,1.0,28.0,28.0,1.0,,,,,,,,,
国家卓越工程师学院,2024,小计,369,324.0,0.878,246.0,0.6667,71.0,0.1924,57.0,0.1545,14.0,0.0379,28,28,1.0,28.0,28.0,1.0,,,,,,,,,
马克思主义学院,2024,博士生毕业,2,2.0,1.0,2.0,1.0,,0.0,,0.0,,0.0,44,40,0.9091,,,,44.0,40.0,0.9091,2.0,2.0,1.0,42.0,38.0,0.9048
马克思主义学院,2024,硕士生毕业,42,38.0,0.9048,34.0,0.8095,4.0,0.0952,4.0,0.0952,,0.0,44,40,0.9091,,,,44.0,40.0,0.9091,2.0,2.0,1.0,42.0,38.0,0.9048
马克思主义学院,2024,小计,44,40.0,0.9091,36.0,0.8182,4.0,0.0909,4.0,0.0909,,0.0,44,40,0.9091,,,,44.0,40.0,0.9091,2.0,2.0,1.0,42.0,38.0,0.9048
建筑城规学院,2024,博士生毕业,6,6.0,1.0,6.0,1.0,,0.0,,0.0,,0.0,458,399,0.8712,217.0,178.0,0.8203,241.0,221.0,0.917,7.0,6.0,0.8571,234.0,215.0,0.9188
建筑城规学院,2024,博士生结业,1,,0.0,,0.0,,0.0,,0.0,,0.0,458,399,0.8712,217.0,178.0,0.8203,241.0,221.0,0.917,7.0,6.0,0.8571,234.0,215.0,0.9188
建筑城规学院,2024,硕士生毕业,234,215.0,0.9188,204.0,0.8718,11.0,0.047,7.0,0.0299,4.0,0.0171,458,399,0.8712,217.0,178.0,0.8203,241.0,221.0,0.917,7.0,6.0,0.8571,234.0,215.0,0.9188
建筑城规学院,2024,本科生毕业,217,178.0,0.8203,66.0,0.3041,112.0,0.5161,80.0,0.3687,32.0,0.1475,458,399,0.8712,217.0,178.0,0.8203,241.0,221.0,0.917,7.0,6.0,0.8571,234.0,215.0,0.9188
建筑城规学院,2024,小计,458,399.0,0.8712,276.0,0.6026,123.0,0.2686,87.0,0.19,36.0,0.0786,458,399,0.8712,217.0,178.0,0.8203,241.0,221.0,0.917,7.0,6.0,0.8571,234.0,215.0,0.9188
环境与生态学院,2024,博士生毕业,27,26.0,0.963,25.0,0.9259,1.0,0.037,,0.0,1.0,0.037,439,427,0.9727,196.0,191.0,0.9745,243.0,236.0,0.9712,27.0,26.0,0.963,216.0,210.0,0.9722
环境与生态学院,2024,硕士生毕业,216,210.0,0.9722,190.0,0.8796,16.0,0.0741,14.0,0.0648,2.0,0.0093,439,427,0.9727,196.0,191.0,0.9745,243.0,236.0,0.9712,27.0,26.0,0.963,216.0,210.0,0.9722
环境与生态学院,2024,本科生毕业,196,191.0,0.9745,64.0,0.3265,126.0,0.6429,113.0,0.5765,13.0,0.0663,439,427,0.9727,196.0,191.0,0.9745,243.0,236.0,0.9712,27.0,26.0,0.963,216.0,210.0,0.9722
环境与生态学院,2024,小计,439,427.0,0.9727,279.0,0.6355,143.0,0.3257,127.0,0.2893,16.0,0.0364,439,427,0.9727,196.0,191.0,0.9745,243.0,236.0,0.9712,27.0,26.0,0.963,216.0,210.0,0.9722
化学化工学院,2024,博士生毕业,43,41.0,0.9535,41.0,0.9535,,0.0,,0.0,,0.0,376,347,0.9229,167.0,143.0,0.8563,209.0,204.0,0.9761,43.0,41.0,0.9535,166.0,163.0,0.9819
化学化工学院,2024,硕士生毕业,166,163.0,0.9819,147.0,0.8855,16.0,0.0964,12.0,0.0723,4.0,0.0241,376,347,0.9229,167.0,143.0,0.8563,209.0,204.0,0.9761,43.0,41.0,0.9535,166.0,163.0,0.9819
化学化工学院,2024,本科生毕业,167,143.0,0.8563,52.0,0.3114,91.0,0.5449,79.0,0.4731,12.0,0.0719,376,347,0.9229,167.0,143.0,0.8563,209.0,204.0,0.9761,43.0,41.0,0.9535,166.0,163.0,0.9819
化学化工学院,2024,小计,376,347.0,0.9229,240.0,0.6383,107.0,0.2846,91.0,0.242,16.0,0.0426,376,347,0.9229,167.0,143.0,0.8563,209.0,204.0,0.9761,43.0,41.0,0.9535,166.0,163.0,0.9819
艺术学院,2024,硕士生毕业,56,52.0,0.9286,47.0,0.8393,3.0,0.0536,2.0,0.0357,1.0,0.0179,293,237,0.8089,237.0,185.0,0.7806,56.0,52.0,0.9286,,,,56.0,52.0,0.9286
艺术学院,2024,本科生毕业,237,185.0,0.7806,62.0,0.2616,71.0,0.2996,59.0,0.2489,12.0,0.0506,293,237,0.8089,237.0,185.0,0.7806,56.0,52.0,0.9286,,,,56.0,52.0,0.9286
艺术学院,2024,小计,293,237.0,0.8089,109.0,0.372,74.0,0.2526,61.0,0.2082,13.0,0.0444,293,237,0.8089,237.0,185.0,0.7806,56.0,52.0,0.9286,,,,56.0,52.0,0.9286
管理科学与房地产学院,2024,博士生毕业,14,14.0,1.0,14.0,1.0,,0.0,,0.0,,0.0,577,563,0.9757,232.0,224.0,0.9655,345.0,339.0,0.9826,14.0,14.0,1.0,331.0,325.0,0.9819
管理科学与房地产学院,2024,硕士生毕业,331,325.0,0.9819,314.0,0.9486,10.0,0.0302,6.0,0.0181,4.0,0.0121,577,563,0.9757,232.0,224.0,0.9655,345.0,339.0,0.9826,14.0,14.0,1.0,331.0,325.0,0.9819
管理科学与房地产学院,2024,本科生毕业,232,224.0,0.9655,93.0,0.4009,130.0,0.5603,110.0,0.4741,20.0,0.0862,577,563,0.9757,232.0,224.0,0.9655,345.0,339.0,0.9826,14.0,14.0,1.0,331.0,325.0,0.9819
管理科学与房地产学院,2024,小计,577,563.0,0.9757,421.0,0.7296,140.0,0.2426,116.0,0.201,24.0,0.0416,577,563,0.9757,232.0,224.0,0.9655,345.0,339.0,0.9826,14.0,14.0,1.0,331.0,325.0,0.9819
航空航天学院,2024,博士生毕业,10,10.0,1.0,10.0,1.0,,0.0,,0.0,,0.0,173,161,0.9306,108.0,97.0,0.8981,65.0,64.0,0.9846,11.0,11.0,1.0,54.0,53.0,0.9815
航空航天学院,2024,博士生结业,1,1.0,1.0,1.0,1.0,,0.0,,0.0,,0.0,173,161,0.9306,108.0,97.0,0.8981,65.0,64.0,0.9846,11.0,11.0,1.0,54.0,53.0,0.9815
航空航天学院,2024,硕士生毕业,54,53.0,0.9815,46.0,0.8519,7.0,0.1296,7.0,0.1296,,0.0,173,161,0.9306,108.0,97.0,0.8981,65.0,64.0,0.9846,11.0,11.0,1.0,54.0,53.0,0.9815
航空航天学院,2024,本科生毕业,108,97.0,0.8981,23.0,0.213,74.0,0.6852,72.0,0.6667,2.0,0.0185,173,161,0.9306,108.0,97.0,0.8981,65.0,64.0,0.9846,11.0,11.0,1.0,54.0,53.0,0.9815
航空航天学院,2024,小计,173,161.0,0.9306,80.0,0.4624,81.0,0.4682,79.0,0.4566,2.0,0.0116,173,161,0.9306,108.0,97.0,0.8981,65.0,64.0,0.9846,11.0,11.0,1.0,54.0,53.0,0.9815
材料科学与工程学院,2024,博士生毕业,61,60.0,0.9836,59.0,0.9672,1.0,0.0164,,0.0,1.0,0.0164,606,554,0.9142,293.0,246.0,0.8396,313.0,308.0,0.984,61.0,60.0,0.9836,252.0,248.0,0.9841
材料科学与工程学院,2024,硕士生毕业,252,248.0,0.9841,217.0,0.8611,31.0,0.123,27.0,0.1071,4.0,0.0159,606,554,0.9142,293.0,246.0,0.8396,313.0,308.0,0.984,61.0,60.0,0.9836,252.0,248.0,0.9841
材料科学与工程学院,2024,本科生毕业,293,246.0,0.8396,76.0,0.2594,170.0,0.5802,162.0,0.5529,8.0,0.0273,606,554,0.9142,293.0,246.0,0.8396,313.0,308.0,0.984,61.0,60.0,0.9836,252.0,248.0,0.9841
材料科学与工程学院,2024,小计,606,554.0,0.9142,352.0,0.5809,202.0,0.3333,189.0,0.3119,13.0,0.0215,606,554,0.9142,293.0,246.0,0.8396,313.0,308.0,0.984,61.0,60.0,0.9836,252.0,248.0,0.9841
经济与工商管理学院,2024,博士生毕业,35,33.0,0.9429,33.0,0.9429,,0.0,,0.0,,0.0,961,922,0.9594,298.0,274.0,0.9195,663.0,648.0,0.9774,37.0,33.0,0.8919,626.0,615.0,0.9824
经济与工商管理学院,2024,博士生结业,2,,0.0,,0.0,,0.0,,0.0,,0.0,961,922,0.9594,298.0,274.0,0.9195,663.0,648.0,0.9774,37.0,33.0,0.8919,626.0,615.0,0.9824
经济与工商管理学院,2024,硕士生毕业,626,615.0,0.9824,604.0,0.9649,10.0,0.016,7.0,0.0112,3.0,0.0048,961,922,0.9594,298.0,274.0,0.9195,663.0,648.0,0.9774,37.0,33.0,0.8919,626.0,615.0,0.9824
经济与工商管理学院,2024,本科生毕业,298,274.0,0.9195,123.0,0.4128,145.0,0.4866,104.0,0.349,41.0,0.1376,961,922,0.9594,298.0,274.0,0.9195,663.0,648.0,0.9774,37.0,33.0,0.8919,626.0,615.0,0.9824
经济与工商管理学院,2024,小计,961,922.0,0.9594,760.0,0.7908,155.0,0.1613,111.0,0.1155,44.0,0.0458,961,922,0.9594,298.0,274.0,0.9195,663.0,648.0,0.9774,37.0,33.0,0.8919,626.0,615.0,0.9824
公共管理学院,2024,博士生毕业,9,9.0,1.0,9.0,1.0,,0.0,,0.0,,0.0,559,536,0.9589,168.0,158.0,0.9405,391.0,378.0,0.9668,9.0,9.0,1.0,382.0,369.0,0.966
公共管理学院,2024,硕士生毕业,382,369.0,0.966,360.0,0.9424,8.0,0.0209,8.0,0.0209,,0.0,559,536,0.9589,168.0,158.0,0.9405,391.0,378.0,0.9668,9.0,9.0,1.0,382.0,369.0,0.966
公共管理学院,2024,本科生毕业,168,158.0,0.9405,72.0,0.4286,80.0,0.4762,61.0,0.3631,19.0,0.1131,559,536,0.9589,168.0,158.0,0.9405,391.0,378.0,0.9668,9.0,9.0,1.0,382.0,369.0,0.966
公共管理学院,2024,小计,559,536.0,0.9589,441.0,0.7889,88.0,0.1574,69.0,0.1234,19.0,0.034,559,536,0.9589,168.0,158.0,0.9405,391.0,378.0,0.9668,9.0,9.0,1.0,382.0,369.0,0.966
微电子与通信工程学院,2024,博士生毕业,18,18.0,1.0,18.0,1.0,,0.0,,0.0,,0.0,459,433,0.9434,278.0,255.0,0.9173,181.0,178.0,0.9834,19.0,19.0,1.0,162.0,159.0,0.9815
微电子与通信工程学院,2024,博士生结业,1,1.0,1.0,1.0,1.0,,0.0,,0.0,,0.0,459,433,0.9434,278.0,255.0,0.9173,181.0,178.0,0.9834,19.0,19.0,1.0,162.0,159.0,0.9815
微电子与通信工程学院,2024,硕士生毕业,162,159.0,0.9815,146.0,0.9012,13.0,0.0802,10.0,0.0617,3.0,0.0185,459,433,0.9434,278.0,255.0,0.9173,181.0,178.0,0.9834,19.0,19.0,1.0,162.0,159.0,0.9815
微电子与通信工程学院,2024,本科生毕业,278,255.0,0.9173,91.0,0.3273,163.0,0.5863,145.0,0.5216,18.0,0.0647,459,433,0.9434,278.0,255.0,0.9173,181.0,178.0,0.9834,19.0,19.0,1.0,162.0,159.0,0.9815
微电子与通信工程学院,2024,小计,459,433.0,0.9434,256.0,0.5577,176.0,0.3834,155.0,0.3377,21.0,0.0458,459,433,0.9434,278.0,255.0,0.9173,181.0,178.0,0.9834,19.0,19.0,1.0,162.0,159.0,0.9815
计算机学院,2024,博士生毕业,14,13.0,0.9286,13.0,0.9286,,0.0,,0.0,,0.0,487,460,0.9446,295.0,272.0,0.922,192.0,188.0,0.9792,14.0,13.0,0.9286,178.0,175.0,0.9831
计算机学院,2024,硕士生毕业,178,176.0,0.9888,159.0,0.8933,16.0,0.0899,14.0,0.0787,2.0,0.0112,487,460,0.9446,295.0,272.0,0.922,192.0,188.0,0.9792,14.0,13.0,0.9286,178.0,175.0,0.9831
计算机学院,2024,本科生毕业,295,272.0,0.922,113.0,0.3831,158.0,0.5356,127.0,0.4305,31.0,0.1051,487,460,0.9446,295.0,272.0,0.922,192.0,188.0,0.9792,14.0,13.0,0.9286,178.0,175.0,0.9831
计算机学院,2024,小计,487,461.0,0.9466,285.0,0.5852,174.0,0.3573,141.0,0.2895,33.0,0.0678,487,460,0.9446,295.0,272.0,0.922,192.0,188.0,0.9792,14.0,13.0,0.9286,178.0,175.0,0.9831
土木工程学院,2024,博士生毕业,53,50.0,0.9434,49.0,0.9245,1.0,0.0189,,0.0,1.0,0.0189,932,863,0.926,469.0,415.0,0.8849,463.0,448.0,0.9676,54.0,51.0,0.9444,409.0,397.0,0.9707
土木工程学院,2024,博士生结业,1,1.0,1.0,1.0,1.0,,0.0,,0.0,,0.0,932,863,0.926,469.0,415.0,0.8849,463.0,448.0,0.9676,54.0,51.0,0.9444,409.0,397.0,0.9707
土木工程学院,2024,硕士生毕业,409,397.0,0.9707,350.0,0.8557,45.0,0.11,40.0,0.0978,5.0,0.0122,932,863,0.926,469.0,415.0,0.8849,463.0,448.0,0.9676,54.0,51.0,0.9444,409.0,397.0,0.9707
土木工程学院,2024,本科生毕业,469,415.0,0.8849,194.0,0.4136,221.0,0.4712,209.0,0.4456,12.0,0.0256,932,863,0.926,469.0,415.0,0.8849,463.0,448.0,0.9676,54.0,51.0,0.9444,409.0,397.0,0.9707
土木工程学院,2024,小计,932,863.0,0.926,594.0,0.6373,267.0,0.2865,249.0,0.2672,18.0,0.0193,932,863,0.926,469.0,415.0,0.8849,463.0,448.0,0.9676,54.0,51.0,0.9444,409.0,397.0,0.9707
大数据与软件学院,2024,博士生毕业,5,5.0,1.0,5.0,1.0,,0.0,,0.0,,0.0,348,329,0.9454,238.0,219.0,0.9202,110.0,110.0,1.0,5.0,5.0,1.0,105.0,105.0,1.0
大数据与软件学院,2024,硕士生毕业,105,105.0,1.0,96.0,0.9143,9.0,0.0857,7.0,0.0667,2.0,0.019,348,329,0.9454,238.0,219.0,0.9202,110.0,110.0,1.0,5.0,5.0,1.0,105.0,105.0,1.0
大数据与软件学院,2024,本科生毕业,238,219.0,0.9202,90.0,0.3782,129.0,0.542,92.0,0.3866,37.0,0.1555,348,329,0.9454,238.0,219.0,0.9202,110.0,110.0,1.0,5.0,5.0,1.0,105.0,105.0,1.0
大数据与软件学院,2024,小计,348,329.0,0.9454,191.0,0.5489,138.0,0.3966,99.0,0.2845,39.0,0.1121,348,329,0.9454,238.0,219.0,0.9202,110.0,110.0,1.0,5.0,5.0,1.0,105.0,105.0,1.0
生命科学学院,2024,博士生毕业,7,6.0,0.8571,6.0,0.8571,,0.0,,0.0,,0.0,76,66,0.8684,27.0,23.0,0.8519,49.0,43.0,0.8776,7.0,6.0,0.8571,42.0,37.0,0.881
生命科学学院,2024,硕士生毕业,42,37.0,0.881,30.0,0.7143,7.0,0.1667,7.0,0.1667,,0.0,76,66,0.8684,27.0,23.0,0.8519,49.0,43.0,0.8776,7.0,6.0,0.8571,42.0,37.0,0.881
生命科学学院,2024,本科生毕业,27,23.0,0.8519,9.0,0.3333,12.0,0.4444,9.0,0.3333,3.0,0.1111,76,66,0.8684,27.0,23.0,0.8519,49.0,43.0,0.8776,7.0,6.0,0.8571,42.0,37.0,0.881
生命科学学院,2024,小计,76,66.0,0.8684,45.0,0.5921,19.0,0.25,16.0,0.2105,3.0,0.0395,76,66,0.8684,27.0,23.0,0.8519,49.0,43.0,0.8776,7.0,6.0,0.8571,42.0,37.0,0.881
机械与运载工程学院,2024,博士生毕业,54,54.0,1.0,53.0,0.9815,1.0,0.0185,,0.0,1.0,0.0185,1108,1049,0.9468,495.0,441.0,0.8909,613.0,608.0,0.9918,54.0,54.0,1.0,559.0,554.0,0.9911
机械与运载工程学院,2024,硕士生毕业,559,555.0,0.9928,507.0,0.907,47.0,0.0841,38.0,0.068,9.0,0.0161,1108,1049,0.9468,495.0,441.0,0.8909,613.0,608.0,0.9918,54.0,54.0,1.0,559.0,554.0,0.9911
机械与运载工程学院,2024,本科生毕业,495,441.0,0.8909,207.0,0.4182,232.0,0.4687,203.0,0.4101,29.0,0.0586,1108,1049,0.9468,495.0,441.0,0.8909,613.0,608.0,0.9918,54.0,54.0,1.0,559.0,554.0,0.9911
机械与运载工程学院,2024,小计,1108,1050.0,0.9477,767.0,0.6922,280.0,0.2527,241.0,0.2175,39.0,0.0352,1108,1049,0.9468,495.0,441.0,0.8909,613.0,608.0,0.9918,54.0,54.0,1.0,559.0,554.0,0.9911
资源与安全学院,2024,博士生毕业,32,31.0,0.9688,31.0,0.9688,,0.0,,0.0,,0.0,234,223,0.953,104.0,98.0,0.9423,130.0,125.0,0.9615,32.0,31.0,0.9688,98.0,94.0,0.9592
资源与安全学院,2024,硕士生毕业,98,94.0,0.9592,79.0,0.8061,15.0,0.1531,10.0,0.102,5.0,0.051,234,223,0.953,104.0,98.0,0.9423,130.0,125.0,0.9615,32.0,31.0,0.9688,98.0,94.0,0.9592
资源与安全学院,2024,本科生毕业,104,98.0,0.9423,55.0,0.5288,43.0,0.4135,43.0,0.4135,,0.0,234,223,0.953,104.0,98.0,0.9423,130.0,125.0,0.9615,32.0,31.0,0.9688,98.0,94.0,0.9592
资源与安全学院,2024,小计,234,223.0,0.953,165.0,0.7051,58.0,0.2479,53.0,0.2265,5.0,0.0214,234,223,0.953,104.0,98.0,0.9423,130.0,125.0,0.9615,32.0,31.0,0.9688,98.0,94.0,0.9592
生物工程学院,2024,博士生毕业,28,27.0,0.9643,26.0,0.9286,1.0,0.0357,,0.0,1.0,0.0357,362,314,0.8674,122.0,92.0,0.7541,240.0,222.0,0.925,30.0,29.0,0.9667,210.0,193.0,0.919
生物工程学院,2024,博士生结业,2,2.0,1.0,2.0,1.0,,0.0,,0.0,,0.0,362,314,0.8674,122.0,92.0,0.7541,240.0,222.0,0.925,30.0,29.0,0.9667,210.0,193.0,0.919
生物工程学院,2024,硕士生毕业,210,193.0,0.919,161.0,0.7667,31.0,0.1476,29.0,0.1381,2.0,0.0095,362,314,0.8674,122.0,92.0,0.7541,240.0,222.0,0.925,30.0,29.0,0.9667,210.0,193.0,0.919
生物工程学院,2024,本科生毕业,122,92.0,0.7541,22.0,0.1803,69.0,0.5656,63.0,0.5164,6.0,0.0492,362,314,0.8674,122.0,92.0,0.7541,240.0,222.0,0.925,30.0,29.0,0.9667,210.0,193.0,0.919
生物工程学院,2024,小计,362,314.0,0.8674,211.0,0.5829,101.0,0.279,92.0,0.2541,9.0,0.0249,362,314,0.8674,122.0,92.0,0.7541,240.0,222.0,0.925,30.0,29.0,0.9667,210.0,193.0,0.919
新闻学院,2024,博士生毕业,8,8.0,1.0,8.0,1.0,,0.0,,0.0,,0.0,226,187,0.8274,119.0,88.0,0.7395,107.0,99.0,0.9252,9.0,9.0,1.0,98.0,90.0,0.9184
新闻学院,2024,博士生结业,1,1.0,1.0,1.0,1.0,,0.0,,0.0,,0.0,226,187,0.8274,119.0,88.0,0.7395,107.0,99.0,0.9252,9.0,9.0,1.0,98.0,90.0,0.9184
新闻学院,2024,硕士生毕业,98,90.0,0.9184,87.0,0.8878,3.0,0.0306,2.0,0.0204,1.0,0.0102,226,187,0.8274,119.0,88.0,0.7395,107.0,99.0,0.9252,9.0,9.0,1.0,98.0,90.0,0.9184
新闻学院,2024,本科生毕业,119,88.0,0.7395,30.0,0.2521,58.0,0.4874,41.0,0.3445,17.0,0.1429,226,187,0.8274,119.0,88.0,0.7395,107.0,99.0,0.9252,9.0,9.0,1.0,98.0,90.0,0.9184
新闻学院,2024,小计,226,187.0,0.8274,126.0,0.5575,61.0,0.2699,43.0,0.1903,18.0,0.0796,226,187,0.8274,119.0,88.0,0.7395,107.0,99.0,0.9252,9.0,9.0,1.0,98.0,90.0,0.9184
光电工程学院,2024,博士生毕业,29,29.0,1.0,29.0,1.0,,0.0,,0.0,,0.0,403,386,0.9578,219.0,206.0,0.9406,184.0,180.0,0.9783,31.0,30.0,0.9677,153.0,150.0,0.9804
光电工程学院,2024,博士生结业,2,1.0,0.5,1.0,0.5,,0.0,,0.0,,0.0,403,386,0.9578,219.0,206.0,0.9406,184.0,180.0,0.9783,31.0,30.0,0.9677,153.0,150.0,0.9804
光电工程学院,2024,硕士生毕业,153,150.0,0.9804,134.0,0.8758,16.0,0.1046,12.0,0.0784,4.0,0.0261,403,386,0.9578,219.0,206.0,0.9406,184.0,180.0,0.9783,31.0,30.0,0.9677,153.0,150.0,0.9804
光电工程学院,2024,本科生毕业,219,206.0,0.9406,109.0,0.4977,96.0,0.4384,92.0,0.4201,4.0,0.0183,403,386,0.9578,219.0,206.0,0.9406,184.0,180.0,0.9783,31.0,30.0,0.9677,153.0,150.0,0.9804
光电工程学院,2024,小计,403,386.0,0.9578,273.0,0.6774,112.0,0.2779,104.0,0.2581,8.0,0.0199,403,386,0.9578,219.0,206.0,0.9406,184.0,180.0,0.9783,31.0,30.0,0.9677,153.0,150.0,0.9804
自动化学院,2024,博士生毕业,16,16.0,1.0,14.0,0.875,2.0,0.125,,0.0,2.0,0.125,461,447,0.9696,268.0,256.0,0.9552,193.0,191.0,0.9896,16.0,16.0,1.0,177.0,175.0,0.9887
自动化学院,2024,硕士生毕业,177,175.0,0.9887,169.0,0.9548,6.0,0.0339,6.0,0.0339,,0.0,461,447,0.9696,268.0,256.0,0.9552,193.0,191.0,0.9896,16.0,16.0,1.0,177.0,175.0,0.9887
自动化学院,2024,本科生毕业,268,256.0,0.9552,107.0,0.3993,149.0,0.556,131.0,0.4888,18.0,0.0672,461,447,0.9696,268.0,256.0,0.9552,193.0,191.0,0.9896,16.0,16.0,1.0,177.0,175.0,0.9887
自动化学院,2024,小计,461,447.0,0.9696,290.0,0.6291,157.0,0.3406,137.0,0.2972,20.0,0.0434,461,447,0.9696,268.0,256.0,0.9552,193.0,191.0,0.9896,16.0,16.0,1.0,177.0,175.0,0.9887
数学与统计学院,2024,博士生毕业,12,12.0,1.0,12.0,1.0,,0.0,,0.0,,0.0,338,304,0.8994,208.0,174.0,0.8365,130.0,130.0,1.0,12.0,12.0,1.0,118.0,118.0,1.0
数学与统计学院,2024,硕士生毕业,118,118.0,1.0,108.0,0.9153,9.0,0.0763,6.0,0.0508,3.0,0.0254,338,304,0.8994,208.0,174.0,0.8365,130.0,130.0,1.0,12.0,12.0,1.0,118.0,118.0,1.0
数学与统计学院,2024,本科生毕业,208,174.0,0.8365,41.0,0.1971,126.0,0.6058,101.0,0.4856,25.0,0.1202,338,304,0.8994,208.0,174.0,0.8365,130.0,130.0,1.0,12.0,12.0,1.0,118.0,118.0,1.0
数学与统计学院,2024,小计,338,304.0,0.8994,161.0,0.4763,135.0,0.3994,107.0,0.3166,28.0,0.0828,338,304,0.8994,208.0,174.0,0.8365,130.0,130.0,1.0,12.0,12.0,1.0,118.0,118.0,1.0
物理学院,2024,博士生毕业,22,20.0,0.9091,18.0,0.8182,2.0,0.0909,,0.0,2.0,0.0909,249,218,0.8755,173.0,146.0,0.8439,76.0,72.0,0.9474,22.0,20.0,0.9091,54.0,52.0,0.963
物理学院,2024,硕士生毕业,54,52.0,0.963,40.0,0.7407,12.0,0.2222,12.0,0.2222,,0.0,249,218,0.8755,173.0,146.0,0.8439,76.0,72.0,0.9474,22.0,20.0,0.9091,54.0,52.0,0.963
物理学院,2024,本科生毕业,173,146.0,0.8439,32.0,0.185,112.0,0.6474,96.0,0.5549,16.0,0.0925,249,218,0.8755,173.0,146.0,0.8439,76.0,72.0,0.9474,22.0,20.0,0.9091,54.0,52.0,0.963
物理学院,2024,小计,249,218.0,0.8755,90.0,0.3614,126.0,0.506,108.0,0.4337,18.0,0.0723,249,218,0.8755,173.0,146.0,0.8439,76.0,72.0,0.9474,22.0,20.0,0.9091,54.0,52.0,0.963
药学院,2024,博士生毕业,6,6.0,1.0,6.0,1.0,,0.0,,0.0,,0.0,104,97,0.9327,55.0,51.0,0.9273,49.0,46.0,0.9388,6.0,6.0,1.0,43.0,40.0,0.9302
药学院,2024,硕士生毕业,43,40.0,0.9302,36.0,0.8372,4.0,0.093,3.0,0.0698,1.0,0.0233,104,97,0.9327,55.0,51.0,0.9273,49.0,46.0,0.9388,6.0,6.0,1.0,43.0,40.0,0.9302
药学院,2024,本科生毕业,55,51.0,0.9273,21.0,0.3818,26.0,0.4727,24.0,0.4364,2.0,0.0364,104,97,0.9327,55.0,51.0,0.9273,49.0,46.0,0.9388,6.0,6.0,1.0,43.0,40.0,0.9302
药学院,2024,小计,104,97.0,0.9327,63.0,0.6058,30.0,0.2885,27.0,0.2596,3.0,0.0288,104,97,0.9327,55.0,51.0,0.9273,49.0,46.0,0.9388,6.0,6.0,1.0,43.0,40.0,0.9302
重庆大学-辛辛那提大学联合学院,2024,本科生毕业,105,94.0,0.8952,15.0,0.1429,79.0,0.7524,33.0,0.3143,46.0,0.4381,105,94,0.8952,105.0,94.0,0.8952,,,,,,,,,
能源与动力工程学院,2024,博士生毕业,31,31.0,1.0,31.0,1.0,,0.0,,0.0,,0.0,391,365,0.9335,213.0,189.0,0.8873,178.0,176.0,0.9888,32.0,32.0,1.0,146.0,144.0,0.9863
能源与动力工程学院,2024,博士生结业,1,1.0,1.0,1.0,1.0,,0.0,,0.0,,0.0,391,365,0.9335,213.0,189.0,0.8873,178.0,176.0,0.9888,32.0,32.0,1.0,146.0,144.0,0.9863
能源与动力工程学院,2024,硕士生毕业,146,144.0,0.9863,130.0,0.8904,14.0,0.0959,13.0,0.089,1.0,0.0068,391,365,0.9335,213.0,189.0,0.8873,178.0,176.0,0.9888,32.0,32.0,1.0,146.0,144.0,0.9863
能源与动力工程学院,2024,本科生毕业,213,189.0,0.8873,73.0,0.3427,115.0,0.5399,105.0,0.493,10.0,0.0469,391,365,0.9335,213.0,189.0,0.8873,178.0,176.0,0.9888,32.0,32.0,1.0,146.0,144.0,0.9863
能源与动力工程学院,2024,小计,391,365.0,0.9335,235.0,0.601,129.0,0.3299,118.0,0.3018,11.0,0.0281,391,365,0.9335,213.0,189.0,0.8873,178.0,176.0,0.9888,32.0,32.0,1.0,146.0,144.0,0.9863
电气工程学院,2024,博士生毕业,60,59.0,0.9833,59.0,0.9833,,0.0,,0.0,,0.0,642,620,0.9657,331.0,310.0,0.9366,311.0,310.0,0.9968,60.0,59.0,0.9833,251.0,251.0,1.0
电气工程学院,2024,硕士生毕业,251,251.0,1.0,239.0,0.9522,12.0,0.0478,10.0,0.0398,2.0,0.008,642,620,0.9657,331.0,310.0,0.9366,311.0,310.0,0.9968,60.0,59.0,0.9833,251.0,251.0,1.0
电气工程学院,2024,本科生毕业,331,310.0,0.9366,162.0,0.4894,148.0,0.4471,135.0,0.4079,13.0,0.0393,642,620,0.9657,331.0,310.0,0.9366,311.0,310.0,0.9968,60.0,59.0,0.9833,251.0,251.0,1.0
电气工程学院,2024,小计,642,620.0,0.9657,460.0,0.7165,160.0,0.2492,145.0,0.2259,15.0,0.0234,642,620,0.9657,331.0,310.0,0.9366,311.0,310.0,0.9968,60.0,59.0,0.9833,251.0,251.0,1.0
体育学院,2024,硕士生毕业,13,13.0,1.0,11.0,0.8462,1.0,0.0769,,0.0,1.0,0.0769,43,36,0.8372,30.0,23.0,0.7667,13.0,13.0,1.0,,,,13.0,13.0,1.0
体育学院,2024,本科生毕业,30,23.0,0.7667,10.0,0.3333,11.0,0.3667,11.0,0.3667,,0.0,43,36,0.8372,30.0,23.0,0.7667,13.0,13.0,1.0,,,,13.0,13.0,1.0
体育学院,2024,小计,43,36.0,0.8372,21.0,0.4884,12.0,0.2791,11.0,0.2558,1.0,0.0233,43,36,0.8372,30.0,23.0,0.7667,13.0,13.0,1.0,,,,13.0,13.0,1.0
美视电影学院,2024,硕士生毕业,57,51.0,0.8947,46.0,0.807,4.0,0.0702,2.0,0.0351,2.0,0.0351,280,223,0.7964,223.0,172.0,0.7713,57.0,51.0,0.8947,,,,57.0,51.0,0.8947
美视电影学院,2024,本科生毕业,223,172.0,0.7713,52.0,0.2332,76.0,0.3408,50.0,0.2242,26.0,0.1166,280,223,0.7964,223.0,172.0,0.7713,57.0,51.0,0.8947,,,,57.0,51.0,0.8947
美视电影学院,2024,小计,280,223.0,0.7964,98.0,0.35,80.0,0.2857,52.0,0.1857,28.0,0.1,280,223,0.7964,223.0,172.0,0.7713,57.0,51.0,0.8947,,,,57.0,51.0,0.8947
外国语学院,2024,博士生毕业,2,2.0,1.0,2.0,1.0,,0.0,,0.0,,0.0,239,206,0.8619,130.0,107.0,0.8231,109.0,99.0,0.9083,2.0,2.0,1.0,107.0,97.0,0.9065
外国语学院,2024,硕士生毕业,107,97.0,0.9065,92.0,0.8598,4.0,0.0374,2.0,0.0187,2.0,0.0187,239,206,0.8619,130.0,107.0,0.8231,109.0,99.0,0.9083,2.0,2.0,1.0,107.0,97.0,0.9065
外国语学院,2024,本科生毕业,130,107.0,0.8231,48.0,0.3692,55.0,0.4231,40.0,0.3077,15.0,0.1154,239,206,0.8619,130.0,107.0,0.8231,109.0,99.0,0.9083,2.0,2.0,1.0,107.0,97.0,0.9065
外国语学院,2024,小计,239,206.0,0.8619,142.0,0.5941,59.0,0.2469,42.0,0.1757,17.0,0.0711,239,206,0.8619,130.0,107.0,0.8231,109.0,99.0,0.9083,2.0,2.0,1.0,107.0,97.0,0.9065
博雅学院&人文社会科学高等研究院,2024,博士生毕业,2,2.0,1.0,2.0,1.0,,0.0,,0.0,,0.0,78,66,0.8462,39.0,33.0,0.8462,39.0,33.0,0.8462,2.0,2.0,1.0,37.0,31.0,0.8378
博雅学院&人文社会科学高等研究院,2024,硕士生毕业,37,31.0,0.8378,25.0,0.6757,6.0,0.1622,6.0,0.1622,,0.0,78,66,0.8462,39.0,33.0,0.8462,39.0,33.0,0.8462,2.0,2.0,1.0,37.0,31.0,0.8378
博雅学院&人文社会科学高等研究院,2024,本科生毕业,39,33.0,0.8462,8.0,0.2051,25.0,0.641,20.0,0.5128,5.0,0.1282,78,66,0.8462,39.0,33.0,0.8462,39.0,33.0,0.8462,2.0,2.0,1.0,37.0,31.0,0.8378
博雅学院&人文社会科学高等研究院,2024,小计,78,66.0,0.8462,35.0,0.4487,31.0,0.3974,26.0,0.3333,5.0,0.0641,78,66,0.8462,39.0,33.0,0.8462,39.0,33.0,0.8462,2.0,2.0,1.0,37.0,31.0,0.8378
医学院,2024,博士生毕业,2,2.0,1.0,2.0,1.0,,0.0,,0.0,,0.0,54,45,0.8333,,,,54.0,45.0,0.8333,2.0,2.0,1.0,52.0,43.0,0.8269
医学院,2024,硕士生毕业,52,43.0,0.8269,34.0,0.6538,9.0,0.1731,6.0,0.1154,3.0,0.0577,54,45,0.8333,,,,54.0,45.0,0.8333,2.0,2.0,1.0,52.0,43.0,0.8269
医学院,2024,小计,54,45.0,0.8333,36.0,0.6667,9.0,0.1667,6.0,0.1111,3.0,0.0556,54,45,0.8333,,,,54.0,45.0,0.8333,2.0,2.0,1.0,52.0,43.0,0.8269
国家卓越工程师学院,2024,本科生毕业,28,28.0,1.0,5.0,0.1786,23.0,0.8214,15.0,0.5357,8.0,0.2857,28,28,1.0,28.0,28.0,1.0,,,,,,,,,
马克思主义学院,2023,博士生毕业,1,1.0,1.0,1.0,1.0,,0.0,,0.0,,0.0,42,40,0.9524,,,,42.0,40.0,0.9524,1.0,1.0,1.0,41.0,39.0,0.9512
马克思主义学院,2023,硕士生毕业,41,39.0,0.9512,35.0,0.8537,4.0,0.0976,4.0,0.0976,,0.0,42,40,0.9524,,,,42.0,40.0,0.9524,1.0,1.0,1.0,41.0,39.0,0.9512
马克思主义学院,2023,小计,42,40.0,0.9524,36.0,0.8571,4.0,0.0952,4.0,0.0952,,0.0,42,40,0.9524,,,,42.0,40.0,0.9524,1.0,1.0,1.0,41.0,39.0,0.9512
建筑城规学院,2023,博士生毕业,10,9.0,0.9,9.0,0.9,,0.0,,0.0,,0.0,430,392,0.9116,216.0,188.0,0.8704,214.0,204.0,0.9533,11.0,9.0,0.8182,203.0,195.0,0.9606
建筑城规学院,2023,博士生结业,1,,0.0,,0.0,,0.0,,0.0,,0.0,430,392,0.9116,216.0,188.0,0.8704,214.0,204.0,0.9533,11.0,9.0,0.8182,203.0,195.0,0.9606
建筑城规学院,2023,硕士生毕业,203,195.0,0.9606,185.0,0.9113,8.0,0.0394,4.0,0.0197,4.0,0.0197,430,392,0.9116,216.0,188.0,0.8704,214.0,204.0,0.9533,11.0,9.0,0.8182,203.0,195.0,0.9606
建筑城规学院,2023,本科生毕业,216,188.0,0.8704,65.0,0.3009,122.0,0.5648,98.0,0.4537,24.0,0.1111,430,392,0.9116,216.0,188.0,0.8704,214.0,204.0,0.9533,11.0,9.0,0.8182,203.0,195.0,0.9606
建筑城规学院,2023,小计,430,392.0,0.9116,259.0,0.6023,130.0,0.3023,102.0,0.2372,28.0,0.0651,430,392,0.9116,216.0,188.0,0.8704,214.0,204.0,0.9533,11.0,9.0,0.8182,203.0,195.0,0.9606
环境与生态学院,2023,博士生毕业,23,23.0,1.0,23.0,1.0,,0.0,,0.0,,0.0,410,405,0.9878,210.0,209.0,0.9952,200.0,196.0,0.98,23.0,23.0,1.0,177.0,173.0,0.9774
环境与生态学院,2023,硕士生毕业,177,173.0,0.9774,158.0,0.8927,15.0,0.0847,10.0,0.0565,5.0,0.0282,410,405,0.9878,210.0,209.0,0.9952,200.0,196.0,0.98,23.0,23.0,1.0,177.0,173.0,0.9774
环境与生态学院,2023,本科生毕业,210,209.0,0.9952,65.0,0.3095,139.0,0.6619,130.0,0.619,9.0,0.0429,410,405,0.9878,210.0,209.0,0.9952,200.0,196.0,0.98,23.0,23.0,1.0,177.0,173.0,0.9774
环境与生态学院,2023,小计,410,405.0,0.9878,246.0,0.6,154.0,0.3756,140.0,0.3415,14.0,0.0341,410,405,0.9878,210.0,209.0,0.9952,200.0,196.0,0.98,23.0,23.0,1.0,177.0,173.0,0.9774
化学化工学院,2023,博士生毕业,45,43.0,0.9556,43.0,0.9556,,0.0,,0.0,,0.0,360,339,0.9417,150.0,135.0,0.9,210.0,204.0,0.9714,45.0,43.0,0.9556,165.0,161.0,0.9758
化学化工学院,2023,硕士生毕业,165,161.0,0.9758,145.0,0.8788,16.0,0.097,13.0,0.0788,3.0,0.0182,360,339,0.9417,150.0,135.0,0.9,210.0,204.0,0.9714,45.0,43.0,0.9556,165.0,161.0,0.9758
化学化工学院,2023,本科生毕业,150,135.0,0.9,55.0,0.3667,78.0,0.52,73.0,0.4867,5.0,0.0333,360,339,0.9417,150.0,135.0,0.9,210.0,204.0,0.9714,45.0,43.0,0.9556,165.0,161.0,0.9758
化学化工学院,2023,小计,360,339.0,0.9417,243.0,0.675,94.0,0.2611,86.0,0.2389,8.0,0.0222,360,339,0.9417,150.0,135.0,0.9,210.0,204.0,0.9714,45.0,43.0,0.9556,165.0,161.0,0.9758
艺术学院,2023,硕士生毕业,50,47.0,0.94,44.0,0.88,3.0,0.06,3.0,0.06,,0.0,273,220,0.8059,223.0,173.0,0.7758,50.0,47.0,0.94,,,,50.0,47.0,0.94
艺术学院,2023,本科生毕业,223,173.0,0.7758,84.0,0.3767,67.0,0.3004,54.0,0.2422,13.0,0.0583,273,220,0.8059,223.0,173.0,0.7758,50.0,47.0,0.94,,,,50.0,47.0,0.94
艺术学院,2023,小计,273,220.0,0.8059,128.0,0.4689,70.0,0.2564,57.0,0.2088,13.0,0.0476,273,220,0.8059,223.0,173.0,0.7758,50.0,47.0,0.94,,,,50.0,47.0,0.94
管理科学与房地产学院,2023,博士生毕业,4,4.0,1.0,4.0,1.0,,0.0,,0.0,,0.0,518,510,0.9846,237.0,230.0,0.9705,281.0,280.0,0.9964,4.0,4.0,1.0,277.0,276.0,0.9964
管理科学与房地产学院,2023,硕士生毕业,277,276.0,0.9964,266.0,0.9603,10.0,0.0361,7.0,0.0253,3.0,0.0108,518,510,0.9846,237.0,230.0,0.9705,281.0,280.0,0.9964,4.0,4.0,1.0,277.0,276.0,0.9964
管理科学与房地产学院,2023,本科生毕业,237,230.0,0.9705,104.0,0.4388,126.0,0.5316,106.0,0.4473,20.0,0.0844,518,510,0.9846,237.0,230.0,0.9705,281.0,280.0,0.9964,4.0,4.0,1.0,277.0,276.0,0.9964
管理科学与房地产学院,2023,小计,518,510.0,0.9846,374.0,0.722,136.0,0.2625,113.0,0.2181,23.0,0.0444,518,510,0.9846,237.0,230.0,0.9705,281.0,280.0,0.9964,4.0,4.0,1.0,277.0,276.0,0.9964
航空航天学院,2023,博士生毕业,9,8.0,0.8889,8.0,0.8889,,0.0,,0.0,,0.0,173,147,0.8497,113.0,88.0,0.7788,60.0,59.0,0.9833,9.0,8.0,0.8889,51.0,51.0,1.0
航空航天学院,2023,硕士生毕业,51,51.0,1.0,42.0,0.8235,9.0,0.1765,7.0,0.1373,2.0,0.0392,173,147,0.8497,113.0,88.0,0.7788,60.0,59.0,0.9833,9.0,8.0,0.8889,51.0,51.0,1.0
航空航天学院,2023,本科生毕业,113,88.0,0.7788,27.0,0.2389,61.0,0.5398,61.0,0.5398,,0.0,173,147,0.8497,113.0,88.0,0.7788,60.0,59.0,0.9833,9.0,8.0,0.8889,51.0,51.0,1.0
航空航天学院,2023,小计,173,147.0,0.8497,77.0,0.4451,70.0,0.4046,68.0,0.3931,2.0,0.0116,173,147,0.8497,113.0,88.0,0.7788,60.0,59.0,0.9833,9.0,8.0,0.8889,51.0,51.0,1.0
材料科学与工程学院,2023,博士生毕业,56,55.0,0.9821,55.0,0.9821,,0.0,,0.0,,0.0,651,592,0.9094,351.0,299.0,0.8519,300.0,293.0,0.9767,56.0,55.0,0.9821,244.0,238.0,0.9754
材料科学与工程学院,2023,硕士生毕业,244,238.0,0.9754,213.0,0.873,25.0,0.1025,21.0,0.0861,4.0,0.0164,651,592,0.9094,351.0,299.0,0.8519,300.0,293.0,0.9767,56.0,55.0,0.9821,244.0,238.0,0.9754
材料科学与工程学院,2023,本科生毕业,351,299.0,0.8519,121.0,0.3447,178.0,0.5071,166.0,0.4729,12.0,0.0342,651,592,0.9094,351.0,299.0,0.8519,300.0,293.0,0.9767,56.0,55.0,0.9821,244.0,238.0,0.9754
材料科学与工程学院,2023,小计,651,592.0,0.9094,389.0,0.5975,203.0,0.3118,187.0,0.2873,16.0,0.0246,651,592,0.9094,351.0,299.0,0.8519,300.0,293.0,0.9767,56.0,55.0,0.9821,244.0,238.0,0.9754
经济与工商管理学院,2023,博士生毕业,40,38.0,0.95,38.0,0.95,,0.0,,0.0,,0.0,906,868,0.9581,277.0,257.0,0.9278,629.0,611.0,0.9714,40.0,38.0,0.95,589.0,573.0,0.9728
经济与工商管理学院,2023,硕士生毕业,589,573.0,0.9728,567.0,0.9626,6.0,0.0102,6.0,0.0102,,0.0,906,868,0.9581,277.0,257.0,0.9278,629.0,611.0,0.9714,40.0,38.0,0.95,589.0,573.0,0.9728
经济与工商管理学院,2023,本科生毕业,277,257.0,0.9278,118.0,0.426,137.0,0.4946,91.0,0.3285,46.0,0.1661,906,868,0.9581,277.0,257.0,0.9278,629.0,611.0,0.9714,40.0,38.0,0.95,589.0,573.0,0.9728
经济与工商管理学院,2023,小计,906,868.0,0.9581,723.0,0.798,143.0,0.1578,97.0,0.1071,46.0,0.0508,906,868,0.9581,277.0,257.0,0.9278,629.0,611.0,0.9714,40.0,38.0,0.95,589.0,573.0,0.9728
公共管理学院,2023,博士生毕业,7,7.0,1.0,7.0,1.0,,0.0,,0.0,,0.0,442,434,0.9819,150.0,150.0,1.0,292.0,284.0,0.9726,7.0,7.0,1.0,285.0,277.0,0.9719
公共管理学院,2023,硕士生毕业,285,277.0,0.9719,270.0,0.9474,7.0,0.0246,6.0,0.0211,1.0,0.0035,442,434,0.9819,150.0,150.0,1.0,292.0,284.0,0.9726,7.0,7.0,1.0,285.0,277.0,0.9719
公共管理学院,2023,本科生毕业,150,150.0,1.0,78.0,0.52,72.0,0.48,59.0,0.3933,13.0,0.0867,442,434,0.9819,150.0,150.0,1.0,292.0,284.0,0.9726,7.0,7.0,1.0,285.0,277.0,0.9719
公共管理学院,2023,小计,442,434.0,0.9819,355.0,0.8032,79.0,0.1787,65.0,0.1471,14.0,0.0317,442,434,0.9819,150.0,150.0,1.0,292.0,284.0,0.9726,7.0,7.0,1.0,285.0,277.0,0.9719
微电子与通信工程学院,2023,博士生毕业,16,16.0,1.0,15.0,0.9375,1.0,0.0625,,0.0,1.0,0.0625,413,381,0.9225,265.0,235.0,0.8868,148.0,146.0,0.9865,16.0,16.0,1.0,132.0,130.0,0.9848
微电子与通信工程学院,2023,硕士生毕业,132,130.0,0.9848,119.0,0.9015,11.0,0.0833,11.0,0.0833,,0.0,413,381,0.9225,265.0,235.0,0.8868,148.0,146.0,0.9865,16.0,16.0,1.0,132.0,130.0,0.9848
微电子与通信工程学院,2023,本科生毕业,265,235.0,0.8868,67.0,0.2528,167.0,0.6302,154.0,0.5811,13.0,0.0491,413,381,0.9225,265.0,235.0,0.8868,148.0,146.0,0.9865,16.0,16.0,1.0,132.0,130.0,0.9848
微电子与通信工程学院,2023,小计,413,381.0,0.9225,201.0,0.4867,179.0,0.4334,165.0,0.3995,14.0,0.0339,413,381,0.9225,265.0,235.0,0.8868,148.0,146.0,0.9865,16.0,16.0,1.0,132.0,130.0,0.9848
计算机学院,2023,博士生毕业,16,16.0,1.0,16.0,1.0,,0.0,,0.0,,0.0,453,423,0.9338,290.0,267.0,0.9207,163.0,156.0,0.9571,16.0,16.0,1.0,147.0,140.0,0.9524
计算机学院,2023,硕士生毕业,147,140.0,0.9524,132.0,0.898,8.0,0.0544,5.0,0.034,3.0,0.0204,453,423,0.9338,290.0,267.0,0.9207,163.0,156.0,0.9571,16.0,16.0,1.0,147.0,140.0,0.9524
计算机学院,2023,本科生毕业,290,267.0,0.9207,117.0,0.4034,148.0,0.5103,124.0,0.4276,24.0,0.0828,453,423,0.9338,290.0,267.0,0.9207,163.0,156.0,0.9571,16.0,16.0,1.0,147.0,140.0,0.9524
计算机学院,2023,小计,453,423.0,0.9338,265.0,0.585,156.0,0.3444,129.0,0.2848,27.0,0.0596,453,423,0.9338,290.0,267.0,0.9207,163.0,156.0,0.9571,16.0,16.0,1.0,147.0,140.0,0.9524
土木工程学院,2023,博士生毕业,50,48.0,0.96,47.0,0.94,1.0,0.02,,0.0,1.0,0.02,824,774,0.9393,432.0,396.0,0.9167,392.0,378.0,0.9643,50.0,48.0,0.96,342.0,330.0,0.9649
土木工程学院,2023,硕士生毕业,341,330.0,0.9677,308.0,0.9032,22.0,0.0645,18.0,0.0528,4.0,0.0117,824,774,0.9393,432.0,396.0,0.9167,392.0,378.0,0.9643,50.0,48.0,0.96,342.0,330.0,0.9649
土木工程学院,2023,硕士生结业,1,,0.0,,0.0,,0.0,,0.0,,0.0,824,774,0.9393,432.0,396.0,0.9167,392.0,378.0,0.9643,50.0,48.0,0.96,342.0,330.0,0.9649
土木工程学院,2023,本科生毕业,432,396.0,0.9167,197.0,0.456,199.0,0.4606,185.0,0.4282,14.0,0.0324,824,774,0.9393,432.0,396.0,0.9167,392.0,378.0,0.9643,50.0,48.0,0.96,342.0,330.0,0.9649
土木工程学院,2023,小计,824,774.0,0.9393,552.0,0.6699,222.0,0.2694,203.0,0.2464,19.0,0.0231,824,774,0.9393,432.0,396.0,0.9167,392.0,378.0,0.9643,50.0,48.0,0.96,342.0,330.0,0.9649
大数据与软件学院,2023,博士生毕业,7,7.0,1.0,7.0,1.0,,0.0,,0.0,,0.0,298,288,0.9664,213.0,203.0,0.9531,85.0,85.0,1.0,7.0,7.0,1.0,78.0,78.0,1.0
大数据与软件学院,2023,硕士生毕业,78,78.0,1.0,76.0,0.9744,2.0,0.0256,1.0,0.0128,1.0,0.0128,298,288,0.9664,213.0,203.0,0.9531,85.0,85.0,1.0,7.0,7.0,1.0,78.0,78.0,1.0
大数据与软件学院,2023,本科生毕业,213,203.0,0.9531,73.0,0.3427,128.0,0.6009,98.0,0.4601,30.0,0.1408,298,288,0.9664,213.0,203.0,0.9531,85.0,85.0,1.0,7.0,7.0,1.0,78.0,78.0,1.0
大数据与软件学院,2023,小计,298,288.0,0.9664,156.0,0.5235,130.0,0.4362,99.0,0.3322,31.0,0.104,298,288,0.9664,213.0,203.0,0.9531,85.0,85.0,1.0,7.0,7.0,1.0,78.0,78.0,1.0
生命科学学院,2023,博士生毕业,8,7.0,0.875,7.0,0.875,,0.0,,0.0,,0.0,71,57,0.8028,25.0,18.0,0.72,46.0,39.0,0.8478,8.0,7.0,0.875,38.0,32.0,0.8421
生命科学学院,2023,硕士生毕业,38,32.0,0.8421,28.0,0.7368,4.0,0.1053,4.0,0.1053,,0.0,71,57,0.8028,25.0,18.0,0.72,46.0,39.0,0.8478,8.0,7.0,0.875,38.0,32.0,0.8421
生命科学学院,2023,本科生毕业,25,18.0,0.72,3.0,0.12,15.0,0.6,13.0,0.52,2.0,0.08,71,57,0.8028,25.0,18.0,0.72,46.0,39.0,0.8478,8.0,7.0,0.875,38.0,32.0,0.8421
生命科学学院,2023,小计,71,57.0,0.8028,38.0,0.5352,19.0,0.2676,17.0,0.2394,2.0,0.0282,71,57,0.8028,25.0,18.0,0.72,46.0,39.0,0.8478,8.0,7.0,0.875,38.0,32.0,0.8421
机械与运载工程学院,2023,博士生毕业,81,79.0,0.9753,78.0,0.963,1.0,0.0123,,0.0,1.0,0.0123,1042,968,0.929,510.0,445.0,0.8725,532.0,523.0,0.9831,81.0,79.0,0.9753,451.0,444.0,0.9845
机械与运载工程学院,2023,硕士生毕业,451,444.0,0.9845,406.0,0.9002,38.0,0.0843,33.0,0.0732,5.0,0.0111,1042,968,0.929,510.0,445.0,0.8725,532.0,523.0,0.9831,81.0,79.0,0.9753,451.0,444.0,0.9845
机械与运载工程学院,2023,本科生毕业,510,445.0,0.8725,244.0,0.4784,200.0,0.3922,184.0,0.3608,16.0,0.0314,1042,968,0.929,510.0,445.0,0.8725,532.0,523.0,0.9831,81.0,79.0,0.9753,451.0,444.0,0.9845
机械与运载工程学院,2023,小计,1042,968.0,0.929,728.0,0.6987,239.0,0.2294,217.0,0.2083,22.0,0.0211,1042,968,0.929,510.0,445.0,0.8725,532.0,523.0,0.9831,81.0,79.0,0.9753,451.0,444.0,0.9845
资源与安全学院,2023,博士生毕业,21,20.0,0.9524,20.0,0.9524,,0.0,,0.0,,0.0,205,195,0.9512,105.0,96.0,0.9143,100.0,99.0,0.99,21.0,20.0,0.9524,79.0,79.0,1.0
资源与安全学院,2023,硕士生毕业,79,79.0,1.0,68.0,0.8608,11.0,0.1392,10.0,0.1266,1.0,0.0127,205,195,0.9512,105.0,96.0,0.9143,100.0,99.0,0.99,21.0,20.0,0.9524,79.0,79.0,1.0
资源与安全学院,2023,本科生毕业,105,96.0,0.9143,48.0,0.4571,48.0,0.4571,48.0,0.4571,,0.0,205,195,0.9512,105.0,96.0,0.9143,100.0,99.0,0.99,21.0,20.0,0.9524,79.0,79.0,1.0
资源与安全学院,2023,小计,205,195.0,0.9512,136.0,0.6634,59.0,0.2878,58.0,0.2829,1.0,0.0049,205,195,0.9512,105.0,96.0,0.9143,100.0,99.0,0.99,21.0,20.0,0.9524,79.0,79.0,1.0
生物工程学院,2023,博士生毕业,45,42.0,0.9333,42.0,0.9333,,0.0,,0.0,,0.0,286,251,0.8776,110.0,87.0,0.7909,176.0,164.0,0.9318,45.0,42.0,0.9333,131.0,122.0,0.9313
生物工程学院,2023,硕士生毕业,131,122.0,0.9313,109.0,0.8321,13.0,0.0992,13.0,0.0992,,0.0,286,251,0.8776,110.0,87.0,0.7909,176.0,164.0,0.9318,45.0,42.0,0.9333,131.0,122.0,0.9313
生物工程学院,2023,本科生毕业,110,87.0,0.7909,21.0,0.1909,66.0,0.6,58.0,0.5273,8.0,0.0727,286,251,0.8776,110.0,87.0,0.7909,176.0,164.0,0.9318,45.0,42.0,0.9333,131.0,122.0,0.9313
生物工程学院,2023,小计,286,251.0,0.8776,172.0,0.6014,79.0,0.2762,71.0,0.2483,8.0,0.028,286,251,0.8776,110.0,87.0,0.7909,176.0,164.0,0.9318,45.0,42.0,0.9333,131.0,122.0,0.9313
新闻学院,2023,硕士生毕业,76,72.0,0.9474,70.0,0.9211,2.0,0.0263,2.0,0.0263,,0.0,193,161,0.8342,117.0,89.0,0.7607,76.0,72.0,0.9474,,,,76.0,72.0,0.9474
新闻学院,2023,本科生毕业,117,89.0,0.7607,37.0,0.3162,52.0,0.4444,39.0,0.3333,13.0,0.1111,193,161,0.8342,117.0,89.0,0.7607,76.0,72.0,0.9474,,,,76.0,72.0,0.9474
新闻学院,2023,小计,193,161.0,0.8342,107.0,0.5544,54.0,0.2798,41.0,0.2124,13.0,0.0674,193,161,0.8342,117.0,89.0,0.7607,76.0,72.0,0.9474,,,,76.0,72.0,0.9474
光电工程学院,2023,博士生毕业,36,36.0,1.0,36.0,1.0,,0.0,,0.0,,0.0,387,363,0.938,222.0,199.0,0.8964,165.0,164.0,0.9939,36.0,36.0,1.0,129.0,128.0,0.9922
光电工程学院,2023,硕士生毕业,129,128.0,0.9922,123.0,0.9535,5.0,0.0388,5.0,0.0388,,0.0,387,363,0.938,222.0,199.0,0.8964,165.0,164.0,0.9939,36.0,36.0,1.0,129.0,128.0,0.9922
光电工程学院,2023,本科生毕业,222,199.0,0.8964,84.0,0.3784,115.0,0.518,108.0,0.4865,7.0,0.0315,387,363,0.938,222.0,199.0,0.8964,165.0,164.0,0.9939,36.0,36.0,1.0,129.0,128.0,0.9922
光电工程学院,2023,小计,387,363.0,0.938,243.0,0.6279,120.0,0.3101,113.0,0.292,7.0,0.0181,387,363,0.938,222.0,199.0,0.8964,165.0,164.0,0.9939,36.0,36.0,1.0,129.0,128.0,0.9922
自动化学院,2023,博士生毕业,18,17.0,0.9444,17.0,0.9444,,0.0,,0.0,,0.0,410,397,0.9683,259.0,249.0,0.9614,151.0,148.0,0.9801,18.0,17.0,0.9444,133.0,131.0,0.985
自动化学院,2023,硕士生毕业,133,131.0,0.985,122.0,0.9173,9.0,0.0677,8.0,0.0602,1.0,0.0075,410,397,0.9683,259.0,249.0,0.9614,151.0,148.0,0.9801,18.0,17.0,0.9444,133.0,131.0,0.985
自动化学院,2023,本科生毕业,259,249.0,0.9614,126.0,0.4865,123.0,0.4749,119.0,0.4595,4.0,0.0154,410,397,0.9683,259.0,249.0,0.9614,151.0,148.0,0.9801,18.0,17.0,0.9444,133.0,131.0,0.985
自动化学院,2023,小计,410,397.0,0.9683,265.0,0.6463,132.0,0.322,127.0,0.3098,5.0,0.0122,410,397,0.9683,259.0,249.0,0.9614,151.0,148.0,0.9801,18.0,17.0,0.9444,133.0,131.0,0.985
数学与统计学院,2023,博士生毕业,8,8.0,1.0,8.0,1.0,,0.0,,0.0,,0.0,313,271,0.8658,173.0,138.0,0.7977,140.0,133.0,0.95,8.0,8.0,1.0,132.0,125.0,0.947
数学与统计学院,2023,硕士生毕业,132,125.0,0.947,119.0,0.9015,6.0,0.0455,6.0,0.0455,,0.0,313,271,0.8658,173.0,138.0,0.7977,140.0,133.0,0.95,8.0,8.0,1.0,132.0,125.0,0.947
数学与统计学院,2023,本科生毕业,173,138.0,0.7977,44.0,0.2543,89.0,0.5145,75.0,0.4335,14.0,0.0809,313,271,0.8658,173.0,138.0,0.7977,140.0,133.0,0.95,8.0,8.0,1.0,132.0,125.0,0.947
数学与统计学院,2023,小计,313,271.0,0.8658,171.0,0.5463,95.0,0.3035,81.0,0.2588,14.0,0.0447,313,271,0.8658,173.0,138.0,0.7977,140.0,133.0,0.95,8.0,8.0,1.0,132.0,125.0,0.947
物理学院,2023,博士生毕业,17,17.0,1.0,17.0,1.0,,0.0,,0.0,,0.0,192,161,0.8385,132.0,105.0,0.7955,60.0,56.0,0.9333,17.0,17.0,1.0,43.0,39.0,0.907
物理学院,2023,硕士生毕业,43,39.0,0.907,31.0,0.7209,7.0,0.1628,7.0,0.1628,,0.0,192,161,0.8385,132.0,105.0,0.7955,60.0,56.0,0.9333,17.0,17.0,1.0,43.0,39.0,0.907
物理学院,2023,本科生毕业,132,105.0,0.7955,28.0,0.2121,76.0,0.5758,68.0,0.5152,8.0,0.0606,192,161,0.8385,132.0,105.0,0.7955,60.0,56.0,0.9333,17.0,17.0,1.0,43.0,39.0,0.907
物理学院,2023,小计,192,161.0,0.8385,76.0,0.3958,83.0,0.4323,75.0,0.3906,8.0,0.0417,192,161,0.8385,132.0,105.0,0.7955,60.0,56.0,0.9333,17.0,17.0,1.0,43.0,39.0,0.907
药学院,2023,博士生毕业,15,15.0,1.0,15.0,1.0,,0.0,,0.0,,0.0,115,110,0.9565,46.0,41.0,0.8913,69.0,69.0,1.0,15.0,15.0,1.0,54.0,54.0,1.0
药学院,2023,硕士生毕业,54,54.0,1.0,50.0,0.9259,4.0,0.0741,1.0,0.0185,3.0,0.0556,115,110,0.9565,46.0,41.0,0.8913,69.0,69.0,1.0,15.0,15.0,1.0,54.0,54.0,1.0
药学院,2023,本科生毕业,46,41.0,0.8913,9.0,0.1957,29.0,0.6304,28.0,0.6087,1.0,0.0217,115,110,0.9565,46.0,41.0,0.8913,69.0,69.0,1.0,15.0,15.0,1.0,54.0,54.0,1.0
药学院,2023,小计,115,110.0,0.9565,74.0,0.6435,33.0,0.287,29.0,0.2522,4.0,0.0348,115,110,0.9565,46.0,41.0,0.8913,69.0,69.0,1.0,15.0,15.0,1.0,54.0,54.0,1.0
重庆大学-辛辛那提大学联合学院,2023,本科生毕业,79,78.0,0.9873,8.0,0.1013,70.0,0.8861,22.0,0.2785,48.0,0.6076,79,78,0.9873,79.0,78.0,0.9873,,,,,,,,,
能源与动力工程学院,2023,博士生毕业,26,26.0,1.0,26.0,1.0,,0.0,,0.0,,0.0,354,333,0.9407,209.0,190.0,0.9091,145.0,143.0,0.9862,26.0,26.0,1.0,119.0,117.0,0.9832
能源与动力工程学院,2023,硕士生毕业,119,117.0,0.9832,108.0,0.9076,9.0,0.0756,8.0,0.0672,1.0,0.0084,354,333,0.9407,209.0,190.0,0.9091,145.0,143.0,0.9862,26.0,26.0,1.0,119.0,117.0,0.9832
能源与动力工程学院,2023,本科生毕业,209,190.0,0.9091,77.0,0.3684,112.0,0.5359,104.0,0.4976,8.0,0.0383,354,333,0.9407,209.0,190.0,0.9091,145.0,143.0,0.9862,26.0,26.0,1.0,119.0,117.0,0.9832
能源与动力工程学院,2023,小计,354,333.0,0.9407,211.0,0.596,121.0,0.3418,112.0,0.3164,9.0,0.0254,354,333,0.9407,209.0,190.0,0.9091,145.0,143.0,0.9862,26.0,26.0,1.0,119.0,117.0,0.9832
电气工程学院,2023,博士生毕业,43,42.0,0.9767,41.0,0.9535,1.0,0.0233,,0.0,1.0,0.0233,571,542,0.9492,285.0,260.0,0.9123,286.0,282.0,0.986,46.0,45.0,0.9783,240.0,237.0,0.9875
电气工程学院,2023,博士生结业,3,3.0,1.0,3.0,1.0,,0.0,,0.0,,0.0,571,542,0.9492,285.0,260.0,0.9123,286.0,282.0,0.986,46.0,45.0,0.9783,240.0,237.0,0.9875
电气工程学院,2023,硕士生毕业,239,236.0,0.9874,220.0,0.9205,16.0,0.0669,12.0,0.0502,4.0,0.0167,571,542,0.9492,285.0,260.0,0.9123,286.0,282.0,0.986,46.0,45.0,0.9783,240.0,237.0,0.9875
电气工程学院,2023,硕士生结业,1,1.0,1.0,1.0,1.0,,0.0,,0.0,,0.0,571,542,0.9492,285.0,260.0,0.9123,286.0,282.0,0.986,46.0,45.0,0.9783,240.0,237.0,0.9875
电气工程学院,2023,本科生毕业,285,260.0,0.9123,119.0,0.4175,141.0,0.4947,117.0,0.4105,24.0,0.0842,571,542,0.9492,285.0,260.0,0.9123,286.0,282.0,0.986,46.0,45.0,0.9783,240.0,237.0,0.9875
电气工程学院,2023,小计,571,542.0,0.9492,384.0,0.6725,158.0,0.2767,129.0,0.2259,29.0,0.0508,571,542,0.9492,285.0,260.0,0.9123,286.0,282.0,0.986,46.0,45.0,0.9783,240.0,237.0,0.9875
体育学院,2023,硕士生毕业,19,16.0,0.8421,15.0,0.7895,1.0,0.0526,,0.0,1.0,0.0526,50,43,0.86,31.0,27.0,0.871,19.0,16.0,0.8421,,,,19.0,16.0,0.8421
体育学院,2023,本科生毕业,31,27.0,0.871,19.0,0.6129,8.0,0.2581,8.0,0.2581,,0.0,50,43,0.86,31.0,27.0,0.871,19.0,16.0,0.8421,,,,19.0,16.0,0.8421
体育学院,2023,小计,50,43.0,0.86,34.0,0.68,9.0,0.18,8.0,0.16,1.0,0.02,50,43,0.86,31.0,27.0,0.871,19.0,16.0,0.8421,,,,19.0,16.0,0.8421
美视电影学院,2023,硕士生毕业,68,55.0,0.8088,45.0,0.6618,,0.0,,0.0,,0.0,283,245,0.8657,215.0,190.0,0.8837,68.0,55.0,0.8088,,,,68.0,55.0,0.8088
美视电影学院,2023,本科生毕业,215,190.0,0.8837,54.0,0.2512,71.0,0.3302,44.0,0.2047,27.0,0.1256,283,245,0.8657,215.0,190.0,0.8837,68.0,55.0,0.8088,,,,68.0,55.0,0.8088
美视电影学院,2023,小计,283,245.0,0.8657,99.0,0.3498,71.0,0.2509,44.0,0.1555,27.0,0.0954,283,245,0.8657,215.0,190.0,0.8837,68.0,55.0,0.8088,,,,68.0,55.0,0.8088
外国语学院,2023,博士生毕业,1,1.0,1.0,1.0,1.0,,0.0,,0.0,,0.0,227,192,0.8458,121.0,102.0,0.843,106.0,90.0,0.8491,1.0,1.0,1.0,105.0,89.0,0.8476
外国语学院,2023,硕士生毕业,105,89.0,0.8476,81.0,0.7714,5.0,0.0476,5.0,0.0476,,0.0,227,192,0.8458,121.0,102.0,0.843,106.0,90.0,0.8491,1.0,1.0,1.0,105.0,89.0,0.8476
外国语学院,2023,本科生毕业,121,102.0,0.843,26.0,0.2149,61.0,0.5041,43.0,0.3554,18.0,0.1488,227,192,0.8458,121.0,102.0,0.843,106.0,90.0,0.8491,1.0,1.0,1.0,105.0,89.0,0.8476
外国语学院,2023,小计,227,192.0,0.8458,108.0,0.4758,66.0,0.2907,48.0,0.2115,18.0,0.0793,227,192,0.8458,121.0,102.0,0.843,106.0,90.0,0.8491,1.0,1.0,1.0,105.0,89.0,0.8476
博雅学院&人文社会科学高等研究院,2023,博士生毕业,1,1.0,1.0,1.0,1.0,,0.0,,0.0,,0.0,72,69,0.9583,37.0,34.0,0.9189,35.0,35.0,1.0,1.0,1.0,1.0,34.0,34.0,1.0
博雅学院&人文社会科学高等研究院,2023,硕士生毕业,34,34.0,1.0,32.0,0.9412,2.0,0.0588,2.0,0.0588,,0.0,72,69,0.9583,37.0,34.0,0.9189,35.0,35.0,1.0,1.0,1.0,1.0,34.0,34.0,1.0
博雅学院&人文社会科学高等研究院,2023,本科生毕业,37,34.0,0.9189,10.0,0.2703,24.0,0.6486,21.0,0.5676,3.0,0.0811,72,69,0.9583,37.0,34.0,0.9189,35.0,35.0,1.0,1.0,1.0,1.0,34.0,34.0,1.0
博雅学院&人文社会科学高等研究院,2023,小计,72,69.0,0.9583,43.0,0.5972,26.0,0.3611,23.0,0.3194,3.0,0.0417,72,69,0.9583,37.0,34.0,0.9189,35.0,35.0,1.0,1.0,1.0,1.0,34.0,34.0,1.0
弘深学院,2023,本科生毕业,114,114.0,1.0,16.0,0.1404,98.0,0.8596,59.0,0.5175,39.0,0.3421,114,114,1.0,114.0,114.0,1.0,,,,,,,,,
医学院,2023,硕士生毕业,58,54.0,0.931,36.0,0.6207,18.0,0.3103,14.0,0.2414,4.0,0.069,58,54,0.931,,,,58.0,54.0,0.931,,,,58.0,54.0,0.931
马克思主义学院,2022,硕士生毕业,37,36.0,0.973,33.0,0.8919,3.0,0.0811,3.0,0.0811,,0.0,37,36,0.973,,,,37.0,36.0,0.973,,,,37.0,36.0,0.973
建筑城规学院,2022,博士生毕业,5,5.0,1.0,5.0,1.0,,0.0,,0.0,,0.0,423,383,0.9054,219.0,188.0,0.8584,204.0,195.0,0.9559,5.0,5.0,1.0,199.0,190.0,0.9548
建筑城规学院,2022,硕士生毕业,199,190.0,0.9548,179.0,0.8995,6.0,0.0302,6.0,0.0302,,0.0,423,383,0.9054,219.0,188.0,0.8584,204.0,195.0,0.9559,5.0,5.0,1.0,199.0,190.0,0.9548
建筑城规学院,2022,本科生毕业,219,188.0,0.8584,61.0,0.2785,126.0,0.5753,94.0,0.4292,32.0,0.1461,423,383,0.9054,219.0,188.0,0.8584,204.0,195.0,0.9559,5.0,5.0,1.0,199.0,190.0,0.9548
建筑城规学院,2022,小计,423,383.0,0.9054,245.0,0.5792,132.0,0.3121,100.0,0.2364,32.0,0.0757,423,383,0.9054,219.0,188.0,0.8584,204.0,195.0,0.9559,5.0,5.0,1.0,199.0,190.0,0.9548
环境与生态学院,2022,博士生毕业,23,22.0,0.9565,22.0,0.9565,,0.0,,0.0,,0.0,407,376,0.9238,198.0,174.0,0.8788,209.0,202.0,0.9665,23.0,22.0,0.9565,186.0,180.0,0.9677
环境与生态学院,2022,硕士生毕业,186,180.0,0.9677,164.0,0.8817,16.0,0.086,12.0,0.0645,4.0,0.0215,407,376,0.9238,198.0,174.0,0.8788,209.0,202.0,0.9665,23.0,22.0,0.9565,186.0,180.0,0.9677
环境与生态学院,2022,本科生毕业,198,174.0,0.8788,48.0,0.2424,126.0,0.6364,120.0,0.6061,6.0,0.0303,407,376,0.9238,198.0,174.0,0.8788,209.0,202.0,0.9665,23.0,22.0,0.9565,186.0,180.0,0.9677
环境与生态学院,2022,小计,407,376.0,0.9238,234.0,0.5749,142.0,0.3489,132.0,0.3243,10.0,0.0246,407,376,0.9238,198.0,174.0,0.8788,209.0,202.0,0.9665,23.0,22.0,0.9565,186.0,180.0,0.9677
化学化工学院,2022,博士生毕业,16,12.0,0.75,10.0,0.625,2.0,0.125,,0.0,2.0,0.125,339,320,0.944,162.0,150.0,0.9259,177.0,170.0,0.9605,16.0,12.0,0.75,161.0,158.0,0.9814
化学化工学院,2022,硕士生毕业,160,158.0,0.9875,139.0,0.8688,19.0,0.1188,15.0,0.0938,4.0,0.025,339,320,0.944,162.0,150.0,0.9259,177.0,170.0,0.9605,16.0,12.0,0.75,161.0,158.0,0.9814
化学化工学院,2022,硕士生结业,1,,0.0,,0.0,,0.0,,0.0,,0.0,339,320,0.944,162.0,150.0,0.9259,177.0,170.0,0.9605,16.0,12.0,0.75,161.0,158.0,0.9814
化学化工学院,2022,本科生毕业,162,150.0,0.9259,47.0,0.2901,93.0,0.5741,88.0,0.5432,5.0,0.0309,339,320,0.944,162.0,150.0,0.9259,177.0,170.0,0.9605,16.0,12.0,0.75,161.0,158.0,0.9814
化学化工学院,2022,小计,339,320.0,0.944,196.0,0.5782,114.0,0.3363,103.0,0.3038,11.0,0.0324,339,320,0.944,162.0,150.0,0.9259,177.0,170.0,0.9605,16.0,12.0,0.75,161.0,158.0,0.9814
艺术学院,2022,硕士生毕业,61,51.0,0.8361,45.0,0.7377,3.0,0.0492,1.0,0.0164,2.0,0.0328,289,232,0.8028,228.0,181.0,0.7939,61.0,51.0,0.8361,,,,61.0,51.0,0.8361
艺术学院,2022,本科生毕业,228,181.0,0.7939,83.0,0.364,67.0,0.2939,49.0,0.2149,18.0,0.0789,289,232,0.8028,228.0,181.0,0.7939,61.0,51.0,0.8361,,,,61.0,51.0,0.8361
艺术学院,2022,小计,289,232.0,0.8028,128.0,0.4429,70.0,0.2422,50.0,0.173,20.0,0.0692,289,232,0.8028,228.0,181.0,0.7939,61.0,51.0,0.8361,,,,61.0,51.0,0.8361
管理科学与房地产学院,2022,博士生毕业,22,19.0,0.8636,18.0,0.8182,1.0,0.0455,,0.0,1.0,0.0455,580,545,0.9397,266.0,236.0,0.8872,314.0,309.0,0.9841,22.0,19.0,0.8636,292.0,290.0,0.9932
管理科学与房地产学院,2022,硕士生毕业,292,290.0,0.9932,280.0,0.9589,10.0,0.0342,6.0,0.0205,4.0,0.0137,580,545,0.9397,266.0,236.0,0.8872,314.0,309.0,0.9841,22.0,19.0,0.8636,292.0,290.0,0.9932
管理科学与房地产学院,2022,本科生毕业,266,236.0,0.8872,112.0,0.4211,123.0,0.4624,101.0,0.3797,22.0,0.0827,580,545,0.9397,266.0,236.0,0.8872,314.0,309.0,0.9841,22.0,19.0,0.8636,292.0,290.0,0.9932
管理科学与房地产学院,2022,小计,580,545.0,0.9397,410.0,0.7069,134.0,0.231,107.0,0.1845,27.0,0.0466,580,545,0.9397,266.0,236.0,0.8872,314.0,309.0,0.9841,22.0,19.0,0.8636,292.0,290.0,0.9932
航空航天学院,2022,博士生毕业,13,13.0,1.0,13.0,1.0,,0.0,,0.0,,0.0,181,160,0.884,115.0,97.0,0.8435,66.0,63.0,0.9545,13.0,13.0,1.0,53.0,50.0,0.9434
航空航天学院,2022,硕士生毕业,53,50.0,0.9434,45.0,0.8491,5.0,0.0943,4.0,0.0755,1.0,0.0189,181,160,0.884,115.0,97.0,0.8435,66.0,63.0,0.9545,13.0,13.0,1.0,53.0,50.0,0.9434
航空航天学院,2022,本科生毕业,115,97.0,0.8435,22.0,0.1913,75.0,0.6522,70.0,0.6087,5.0,0.0435,181,160,0.884,115.0,97.0,0.8435,66.0,63.0,0.9545,13.0,13.0,1.0,53.0,50.0,0.9434
航空航天学院,2022,小计,181,160.0,0.884,80.0,0.442,80.0,0.442,74.0,0.4088,6.0,0.0331,181,160,0.884,115.0,97.0,0.8435,66.0,63.0,0.9545,13.0,13.0,1.0,53.0,50.0,0.9434
材料科学与工程学院,2022,博士生毕业,52,52.0,1.0,51.0,0.9808,1.0,0.0192,,0.0,1.0,0.0192,637,579,0.9089,357.0,303.0,0.8487,280.0,276.0,0.9857,52.0,52.0,1.0,228.0,224.0,0.9825
材料科学与工程学院,2022,硕士生毕业,228,224.0,0.9825,203.0,0.8904,21.0,0.0921,15.0,0.0658,6.0,0.0263,637,579,0.9089,357.0,303.0,0.8487,280.0,276.0,0.9857,52.0,52.0,1.0,228.0,224.0,0.9825
材料科学与工程学院,2022,本科生毕业,357,303.0,0.8487,127.0,0.3557,165.0,0.4622,155.0,0.4342,10.0,0.028,637,579,0.9089,357.0,303.0,0.8487,280.0,276.0,0.9857,52.0,52.0,1.0,228.0,224.0,0.9825
材料科学与工程学院,2022,小计,637,579.0,0.9089,381.0,0.5981,187.0,0.2936,170.0,0.2669,17.0,0.0267,637,579,0.9089,357.0,303.0,0.8487,280.0,276.0,0.9857,52.0,52.0,1.0,228.0,224.0,0.9825
经济与工商管理学院,2022,博士生毕业,29,28.0,0.9655,28.0,0.9655,,0.0,,0.0,,0.0,1106,1063,0.9611,360.0,325.0,0.9028,746.0,738.0,0.9893,30.0,29.0,0.9667,716.0,709.0,0.9902
经济与工商管理学院,2022,博士生结业,1,1.0,1.0,1.0,1.0,,0.0,,0.0,,0.0,1106,1063,0.9611,360.0,325.0,0.9028,746.0,738.0,0.9893,30.0,29.0,0.9667,716.0,709.0,0.9902
经济与工商管理学院,2022,硕士生毕业,716,709.0,0.9902,705.0,0.9846,4.0,0.0056,3.0,0.0042,1.0,0.0014,1106,1063,0.9611,360.0,325.0,0.9028,746.0,738.0,0.9893,30.0,29.0,0.9667,716.0,709.0,0.9902
经济与工商管理学院,2022,本科生毕业,359,324.0,0.9025,118.0,0.3287,187.0,0.5209,121.0,0.337,66.0,0.1838,1106,1063,0.9611,360.0,325.0,0.9028,746.0,738.0,0.9893,30.0,29.0,0.9667,716.0,709.0,0.9902
经济与工商管理学院,2022,本科生结业,1,1.0,1.0,1.0,1.0,,0.0,,0.0,,0.0,1106,1063,0.9611,360.0,325.0,0.9028,746.0,738.0,0.9893,30.0,29.0,0.9667,716.0,709.0,0.9902
经济与工商管理学院,2022,小计,1106,1063.0,0.9611,853.0,0.7712,191.0,0.1727,124.0,0.1121,67.0,0.0606,1106,1063,0.9611,360.0,325.0,0.9028,746.0,738.0,0.9893,30.0,29.0,0.9667,716.0,709.0,0.9902
公共管理学院,2022,博士生毕业,6,5.0,0.8333,5.0,0.8333,,0.0,,0.0,,0.0,549,528,0.9617,160.0,144.0,0.9,389.0,384.0,0.9871,6.0,5.0,0.8333,383.0,379.0,0.9896
公共管理学院,2022,硕士生毕业,383,379.0,0.9896,372.0,0.9713,7.0,0.0183,5.0,0.0131,2.0,0.0052,549,528,0.9617,160.0,144.0,0.9,389.0,384.0,0.9871,6.0,5.0,0.8333,383.0,379.0,0.9896
公共管理学院,2022,本科生毕业,160,144.0,0.9,64.0,0.4,71.0,0.4438,63.0,0.3938,8.0,0.05,549,528,0.9617,160.0,144.0,0.9,389.0,384.0,0.9871,6.0,5.0,0.8333,383.0,379.0,0.9896
公共管理学院,2022,小计,549,528.0,0.9617,441.0,0.8033,78.0,0.1421,68.0,0.1239,10.0,0.0182,549,528,0.9617,160.0,144.0,0.9,389.0,384.0,0.9871,6.0,5.0,0.8333,383.0,379.0,0.9896
微电子与通信工程学院,2022,博士生毕业,14,14.0,1.0,14.0,1.0,,0.0,,0.0,,0.0,459,429,0.9346,303.0,274.0,0.9043,156.0,155.0,0.9936,14.0,14.0,1.0,142.0,141.0,0.993
微电子与通信工程学院,2022,硕士生毕业,142,141.0,0.993,135.0,0.9507,6.0,0.0423,4.0,0.0282,2.0,0.0141,459,429,0.9346,303.0,274.0,0.9043,156.0,155.0,0.9936,14.0,14.0,1.0,142.0,141.0,0.993
微电子与通信工程学院,2022,本科生毕业,303,274.0,0.9043,86.0,0.2838,177.0,0.5842,160.0,0.5281,17.0,0.0561,459,429,0.9346,303.0,274.0,0.9043,156.0,155.0,0.9936,14.0,14.0,1.0,142.0,141.0,0.993
微电子与通信工程学院,2022,小计,459,429.0,0.9346,235.0,0.512,183.0,0.3987,164.0,0.3573,19.0,0.0414,459,429,0.9346,303.0,274.0,0.9043,156.0,155.0,0.9936,14.0,14.0,1.0,142.0,141.0,0.993
计算机学院,2022,博士生毕业,17,17.0,1.0,16.0,0.9412,1.0,0.0588,,0.0,1.0,0.0588,498,475,0.9538,317.0,301.0,0.9495,181.0,174.0,0.9613,17.0,17.0,1.0,164.0,157.0,0.9573
计算机学院,2022,硕士生毕业,164,157.0,0.9573,147.0,0.8963,10.0,0.061,8.0,0.0488,2.0,0.0122,498,475,0.9538,317.0,301.0,0.9495,181.0,174.0,0.9613,17.0,17.0,1.0,164.0,157.0,0.9573
计算机学院,2022,本科生毕业,317,301.0,0.9495,144.0,0.4543,148.0,0.4669,125.0,0.3943,23.0,0.0726,498,475,0.9538,317.0,301.0,0.9495,181.0,174.0,0.9613,17.0,17.0,1.0,164.0,157.0,0.9573
计算机学院,2022,小计,498,475.0,0.9538,307.0,0.6165,159.0,0.3193,133.0,0.2671,26.0,0.0522,498,475,0.9538,317.0,301.0,0.9495,181.0,174.0,0.9613,17.0,17.0,1.0,164.0,157.0,0.9573
土木工程学院,2022,博士生毕业,59,59.0,1.0,57.0,0.9661,2.0,0.0339,,0.0,2.0,0.0339,872,798,0.9151,469.0,413.0,0.8806,403.0,385.0,0.9553,59.0,59.0,1.0,344.0,326.0,0.9477
土木工程学院,2022,硕士生毕业,343,326.0,0.9504,298.0,0.8688,28.0,0.0816,22.0,0.0641,6.0,0.0175,872,798,0.9151,469.0,413.0,0.8806,403.0,385.0,0.9553,59.0,59.0,1.0,344.0,326.0,0.9477
土木工程学院,2022,硕士生结业,1,,0.0,,0.0,,0.0,,0.0,,0.0,872,798,0.9151,469.0,413.0,0.8806,403.0,385.0,0.9553,59.0,59.0,1.0,344.0,326.0,0.9477
土木工程学院,2022,本科生毕业,469,413.0,0.8806,223.0,0.4755,186.0,0.3966,172.0,0.3667,14.0,0.0299,872,798,0.9151,469.0,413.0,0.8806,403.0,385.0,0.9553,59.0,59.0,1.0,344.0,326.0,0.9477
土木工程学院,2022,小计,872,798.0,0.9151,578.0,0.6628,216.0,0.2477,194.0,0.2225,22.0,0.0252,872,798,0.9151,469.0,413.0,0.8806,403.0,385.0,0.9553,59.0,59.0,1.0,344.0,326.0,0.9477
大数据与软件学院,2022,博士生毕业,5,5.0,1.0,5.0,1.0,,0.0,,0.0,,0.0,329,312,0.9483,240.0,225.0,0.9375,89.0,87.0,0.9775,5.0,5.0,1.0,84.0,82.0,0.9762
大数据与软件学院,2022,硕士生毕业,84,82.0,0.9762,80.0,0.9524,2.0,0.0238,1.0,0.0119,1.0,0.0119,329,312,0.9483,240.0,225.0,0.9375,89.0,87.0,0.9775,5.0,5.0,1.0,84.0,82.0,0.9762
大数据与软件学院,2022,本科生毕业,240,225.0,0.9375,110.0,0.4583,113.0,0.4708,80.0,0.3333,33.0,0.1375,329,312,0.9483,240.0,225.0,0.9375,89.0,87.0,0.9775,5.0,5.0,1.0,84.0,82.0,0.9762
大数据与软件学院,2022,小计,329,312.0,0.9483,195.0,0.5927,115.0,0.3495,81.0,0.2462,34.0,0.1033,329,312,0.9483,240.0,225.0,0.9375,89.0,87.0,0.9775,5.0,5.0,1.0,84.0,82.0,0.9762
生命科学学院,2022,博士生毕业,12,12.0,1.0,11.0,0.9167,1.0,0.0833,,0.0,1.0,0.0833,66,60,0.9091,27.0,23.0,0.8519,39.0,37.0,0.9487,12.0,12.0,1.0,27.0,25.0,0.9259
生命科学学院,2022,硕士生毕业,27,25.0,0.9259,23.0,0.8519,2.0,0.0741,2.0,0.0741,,0.0,66,60,0.9091,27.0,23.0,0.8519,39.0,37.0,0.9487,12.0,12.0,1.0,27.0,25.0,0.9259
生命科学学院,2022,本科生毕业,27,23.0,0.8519,10.0,0.3704,13.0,0.4815,13.0,0.4815,,0.0,66,60,0.9091,27.0,23.0,0.8519,39.0,37.0,0.9487,12.0,12.0,1.0,27.0,25.0,0.9259
生命科学学院,2022,小计,66,60.0,0.9091,44.0,0.6667,16.0,0.2424,15.0,0.2273,1.0,0.0152,66,60,0.9091,27.0,23.0,0.8519,39.0,37.0,0.9487,12.0,12.0,1.0,27.0,25.0,0.9259
机械与运载工程学院,2022,博士生毕业,59,55.0,0.9322,53.0,0.8983,2.0,0.0339,,0.0,2.0,0.0339,1117,1013,0.9069,576.0,481.0,0.8351,541.0,532.0,0.9834,59.0,55.0,0.9322,482.0,477.0,0.9896
机械与运载工程学院,2022,硕士生毕业,482,477.0,0.9896,449.0,0.9315,28.0,0.0581,22.0,0.0456,6.0,0.0124,1117,1013,0.9069,576.0,481.0,0.8351,541.0,532.0,0.9834,59.0,55.0,0.9322,482.0,477.0,0.9896
机械与运载工程学院,2022,本科生毕业,576,481.0,0.8351,246.0,0.4271,231.0,0.401,216.0,0.375,15.0,0.026,1117,1013,0.9069,576.0,481.0,0.8351,541.0,532.0,0.9834,59.0,55.0,0.9322,482.0,477.0,0.9896
机械与运载工程学院,2022,小计,1117,1013.0,0.9069,748.0,0.6697,261.0,0.2337,238.0,0.2131,23.0,0.0206,1117,1013,0.9069,576.0,481.0,0.8351,541.0,532.0,0.9834,59.0,55.0,0.9322,482.0,477.0,0.9896
资源与安全学院,2022,博士生毕业,24,21.0,0.875,20.0,0.8333,1.0,0.0417,,0.0,1.0,0.0417,195,188,0.9641,93.0,92.0,0.9892,102.0,96.0,0.9412,24.0,21.0,0.875,78.0,75.0,0.9615
资源与安全学院,2022,硕士生毕业,78,75.0,0.9615,68.0,0.8718,7.0,0.0897,4.0,0.0513,3.0,0.0385,195,188,0.9641,93.0,92.0,0.9892,102.0,96.0,0.9412,24.0,21.0,0.875,78.0,75.0,0.9615
资源与安全学院,2022,本科生毕业,93,92.0,0.9892,54.0,0.5806,38.0,0.4086,35.0,0.3763,3.0,0.0323,195,188,0.9641,93.0,92.0,0.9892,102.0,96.0,0.9412,24.0,21.0,0.875,78.0,75.0,0.9615
资源与安全学院,2022,小计,195,188.0,0.9641,142.0,0.7282,46.0,0.2359,39.0,0.2,7.0,0.0359,195,188,0.9641,93.0,92.0,0.9892,102.0,96.0,0.9412,24.0,21.0,0.875,78.0,75.0,0.9615
生物工程学院,2022,博士生毕业,41,40.0,0.9756,39.0,0.9512,1.0,0.0244,,0.0,1.0,0.0244,274,239,0.8723,96.0,74.0,0.7708,178.0,165.0,0.927,41.0,40.0,0.9756,137.0,125.0,0.9124
生物工程学院,2022,硕士生毕业,137,125.0,0.9124,118.0,0.8613,7.0,0.0511,6.0,0.0438,1.0,0.0073,274,239,0.8723,96.0,74.0,0.7708,178.0,165.0,0.927,41.0,40.0,0.9756,137.0,125.0,0.9124
生物工程学院,2022,本科生毕业,96,74.0,0.7708,18.0,0.1875,56.0,0.5833,49.0,0.5104,7.0,0.0729,274,239,0.8723,96.0,74.0,0.7708,178.0,165.0,0.927,41.0,40.0,0.9756,137.0,125.0,0.9124
生物工程学院,2022,小计,274,239.0,0.8723,175.0,0.6387,64.0,0.2336,55.0,0.2007,9.0,0.0328,274,239,0.8723,96.0,74.0,0.7708,178.0,165.0,0.927,41.0,40.0,0.9756,137.0,125.0,0.9124
新闻学院,2022,硕士生毕业,85,75.0,0.8824,73.0,0.8588,2.0,0.0235,2.0,0.0235,,0.0,187,153,0.8182,102.0,78.0,0.7647,85.0,75.0,0.8824,,,,85.0,75.0,0.8824
新闻学院,2022,本科生毕业,102,78.0,0.7647,36.0,0.3529,42.0,0.4118,28.0,0.2745,14.0,0.1373,187,153,0.8182,102.0,78.0,0.7647,85.0,75.0,0.8824,,,,85.0,75.0,0.8824
新闻学院,2022,小计,187,153.0,0.8182,109.0,0.5829,44.0,0.2353,30.0,0.1604,14.0,0.0749,187,153,0.8182,102.0,78.0,0.7647,85.0,75.0,0.8824,,,,85.0,75.0,0.8824
光电工程学院,2022,博士生毕业,24,23.0,0.9583,19.0,0.7917,4.0,0.1667,,0.0,4.0,0.1667,374,353,0.9439,212.0,193.0,0.9104,162.0,160.0,0.9877,24.0,23.0,0.9583,138.0,137.0,0.9928
光电工程学院,2022,硕士生毕业,138,137.0,0.9928,133.0,0.9638,4.0,0.029,3.0,0.0217,1.0,0.0072,374,353,0.9439,212.0,193.0,0.9104,162.0,160.0,0.9877,24.0,23.0,0.9583,138.0,137.0,0.9928
光电工程学院,2022,本科生毕业,212,193.0,0.9104,98.0,0.4623,91.0,0.4292,86.0,0.4057,5.0,0.0236,374,353,0.9439,212.0,193.0,0.9104,162.0,160.0,0.9877,24.0,23.0,0.9583,138.0,137.0,0.9928
光电工程学院,2022,小计,374,353.0,0.9439,250.0,0.6684,99.0,0.2647,89.0,0.238,10.0,0.0267,374,353,0.9439,212.0,193.0,0.9104,162.0,160.0,0.9877,24.0,23.0,0.9583,138.0,137.0,0.9928
自动化学院,2022,博士生毕业,15,14.0,0.9333,13.0,0.8667,1.0,0.0667,,0.0,1.0,0.0667,420,412,0.981,260.0,253.0,0.9731,160.0,159.0,0.9938,15.0,14.0,0.9333,145.0,145.0,1.0
自动化学院,2022,硕士生毕业,145,145.0,1.0,136.0,0.9379,9.0,0.0621,8.0,0.0552,1.0,0.0069,420,412,0.981,260.0,253.0,0.9731,160.0,159.0,0.9938,15.0,14.0,0.9333,145.0,145.0,1.0
自动化学院,2022,本科生毕业,260,253.0,0.9731,116.0,0.4462,122.0,0.4692,114.0,0.4385,8.0,0.0308,420,412,0.981,260.0,253.0,0.9731,160.0,159.0,0.9938,15.0,14.0,0.9333,145.0,145.0,1.0
自动化学院,2022,小计,420,412.0,0.981,265.0,0.631,132.0,0.3143,122.0,0.2905,10.0,0.0238,420,412,0.981,260.0,253.0,0.9731,160.0,159.0,0.9938,15.0,14.0,0.9333,145.0,145.0,1.0
数学与统计学院,2022,博士生毕业,11,10.0,0.9091,10.0,0.9091,,0.0,,0.0,,0.0,251,240,0.9562,147.0,138.0,0.9388,104.0,102.0,0.9808,11.0,10.0,0.9091,93.0,92.0,0.9892
数学与统计学院,2022,硕士生毕业,93,92.0,0.9892,89.0,0.957,3.0,0.0323,2.0,0.0215,1.0,0.0108,251,240,0.9562,147.0,138.0,0.9388,104.0,102.0,0.9808,11.0,10.0,0.9091,93.0,92.0,0.9892
数学与统计学院,2022,本科生毕业,147,138.0,0.9388,31.0,0.2109,78.0,0.5306,64.0,0.4354,14.0,0.0952,251,240,0.9562,147.0,138.0,0.9388,104.0,102.0,0.9808,11.0,10.0,0.9091,93.0,92.0,0.9892
数学与统计学院,2022,小计,251,240.0,0.9562,130.0,0.5179,81.0,0.3227,66.0,0.2629,15.0,0.0598,251,240,0.9562,147.0,138.0,0.9388,104.0,102.0,0.9808,11.0,10.0,0.9091,93.0,92.0,0.9892
物理学院,2022,博士生毕业,6,6.0,1.0,6.0,1.0,,0.0,,0.0,,0.0,150,126,0.84,104.0,88.0,0.8462,46.0,38.0,0.8261,6.0,6.0,1.0,40.0,32.0,0.8
物理学院,2022,硕士生毕业,40,32.0,0.8,27.0,0.675,5.0,0.125,5.0,0.125,,0.0,150,126,0.84,104.0,88.0,0.8462,46.0,38.0,0.8261,6.0,6.0,1.0,40.0,32.0,0.8
物理学院,2022,本科生毕业,104,88.0,0.8462,26.0,0.25,56.0,0.5385,48.0,0.4615,8.0,0.0769,150,126,0.84,104.0,88.0,0.8462,46.0,38.0,0.8261,6.0,6.0,1.0,40.0,32.0,0.8
物理学院,2022,小计,150,126.0,0.84,59.0,0.3933,61.0,0.4067,53.0,0.3533,8.0,0.0533,150,126,0.84,104.0,88.0,0.8462,46.0,38.0,0.8261,6.0,6.0,1.0,40.0,32.0,0.8
药学院,2022,博士生毕业,11,11.0,1.0,11.0,1.0,,0.0,,0.0,,0.0,102,96,0.9412,52.0,47.0,0.9038,50.0,49.0,0.98,11.0,11.0,1.0,39.0,38.0,0.9744
药学院,2022,硕士生毕业,39,38.0,0.9744,34.0,0.8718,4.0,0.1026,2.0,0.0513,2.0,0.0513,102,96,0.9412,52.0,47.0,0.9038,50.0,49.0,0.98,11.0,11.0,1.0,39.0,38.0,0.9744
药学院,2022,本科生毕业,52,47.0,0.9038,18.0,0.3462,29.0,0.5577,28.0,0.5385,1.0,0.0192,102,96,0.9412,52.0,47.0,0.9038,50.0,49.0,0.98,11.0,11.0,1.0,39.0,38.0,0.9744
药学院,2022,小计,102,96.0,0.9412,63.0,0.6176,33.0,0.3235,30.0,0.2941,3.0,0.0294,102,96,0.9412,52.0,47.0,0.9038,50.0,49.0,0.98,11.0,11.0,1.0,39.0,38.0,0.9744
重庆大学-辛辛那提大学联合学院,2022,本科生毕业,87,78.0,0.8966,7.0,0.0805,70.0,0.8046,25.0,0.2874,45.0,0.5172,87,78,0.8966,87.0,78.0,0.8966,,,,,,,,,
能源与动力工程学院,2022,博士生毕业,33,26.0,0.7879,26.0,0.7879,,0.0,,0.0,,0.0,371,343,0.9245,218.0,200.0,0.9174,153.0,143.0,0.9346,34.0,27.0,0.7941,119.0,116.0,0.9748
能源与动力工程学院,2022,博士生结业,1,1.0,1.0,1.0,1.0,,0.0,,0.0,,0.0,371,343,0.9245,218.0,200.0,0.9174,153.0,143.0,0.9346,34.0,27.0,0.7941,119.0,116.0,0.9748
能源与动力工程学院,2022,硕士生毕业,119,116.0,0.9748,109.0,0.916,7.0,0.0588,3.0,0.0252,4.0,0.0336,371,343,0.9245,218.0,200.0,0.9174,153.0,143.0,0.9346,34.0,27.0,0.7941,119.0,116.0,0.9748
能源与动力工程学院,2022,本科生毕业,218,200.0,0.9174,86.0,0.3945,114.0,0.5229,102.0,0.4679,12.0,0.055,371,343,0.9245,218.0,200.0,0.9174,153.0,143.0,0.9346,34.0,27.0,0.7941,119.0,116.0,0.9748
能源与动力工程学院,2022,小计,371,343.0,0.9245,222.0,0.5984,121.0,0.3261,105.0,0.283,16.0,0.0431,371,343,0.9245,218.0,200.0,0.9174,153.0,143.0,0.9346,34.0,27.0,0.7941,119.0,116.0,0.9748
电气工程学院,2022,博士生毕业,45,43.0,0.9556,43.0,0.9556,,0.0,,0.0,,0.0,602,579,0.9618,313.0,293.0,0.9361,289.0,286.0,0.9896,45.0,43.0,0.9556,244.0,243.0,0.9959
电气工程学院,2022,硕士生毕业,242,242.0,1.0,234.0,0.9669,8.0,0.0331,2.0,0.0083,6.0,0.0248,602,579,0.9618,313.0,293.0,0.9361,289.0,286.0,0.9896,45.0,43.0,0.9556,244.0,243.0,0.9959
电气工程学院,2022,硕士生结业,2,1.0,0.5,1.0,0.5,,0.0,,0.0,,0.0,602,579,0.9618,313.0,293.0,0.9361,289.0,286.0,0.9896,45.0,43.0,0.9556,244.0,243.0,0.9959
电气工程学院,2022,本科生毕业,313,293.0,0.9361,134.0,0.4281,148.0,0.4728,137.0,0.4377,11.0,0.0351,602,579,0.9618,313.0,293.0,0.9361,289.0,286.0,0.9896,45.0,43.0,0.9556,244.0,243.0,0.9959
电气工程学院,2022,小计,602,579.0,0.9618,412.0,0.6844,156.0,0.2591,139.0,0.2309,17.0,0.0282,602,579,0.9618,313.0,293.0,0.9361,289.0,286.0,0.9896,45.0,43.0,0.9556,244.0,243.0,0.9959
体育学院,2022,硕士生毕业,20,20.0,1.0,19.0,0.95,1.0,0.05,1.0,0.05,,0.0,51,48,0.9412,31.0,28.0,0.9032,20.0,20.0,1.0,,,,20.0,20.0,1.0
体育学院,2022,本科生毕业,31,28.0,0.9032,19.0,0.6129,9.0,0.2903,9.0,0.2903,,0.0,51,48,0.9412,31.0,28.0,0.9032,20.0,20.0,1.0,,,,20.0,20.0,1.0
体育学院,2022,小计,51,48.0,0.9412,38.0,0.7451,10.0,0.1961,10.0,0.1961,,0.0,51,48,0.9412,31.0,28.0,0.9032,20.0,20.0,1.0,,,,20.0,20.0,1.0
美视电影学院,2022,硕士生毕业,61,57.0,0.9344,47.0,0.7705,,0.0,,0.0,,0.0,294,276,0.9388,233.0,219.0,0.9399,61.0,57.0,0.9344,,,,61.0,57.0,0.9344
美视电影学院,2022,本科生毕业,233,219.0,0.9399,53.0,0.2275,72.0,0.309,48.0,0.206,24.0,0.103,294,276,0.9388,233.0,219.0,0.9399,61.0,57.0,0.9344,,,,61.0,57.0,0.9344
美视电影学院,2022,小计,294,276.0,0.9388,100.0,0.3401,72.0,0.2449,48.0,0.1633,24.0,0.0816,294,276,0.9388,233.0,219.0,0.9399,61.0,57.0,0.9344,,,,61.0,57.0,0.9344
外国语学院,2022,硕士生毕业,90,78.0,0.8667,73.0,0.8111,3.0,0.0333,1.0,0.0111,2.0,0.0222,211,189,0.8957,121.0,111.0,0.9174,90.0,78.0,0.8667,,,,90.0,78.0,0.8667
外国语学院,2022,本科生毕业,121,111.0,0.9174,27.0,0.2231,59.0,0.4876,43.0,0.3554,16.0,0.1322,211,189,0.8957,121.0,111.0,0.9174,90.0,78.0,0.8667,,,,90.0,78.0,0.8667
外国语学院,2022,小计,211,189.0,0.8957,100.0,0.4739,62.0,0.2938,44.0,0.2085,18.0,0.0853,211,189,0.8957,121.0,111.0,0.9174,90.0,78.0,0.8667,,,,90.0,78.0,0.8667
博雅学院&人文社会科学高等研究院,2022,博士生毕业,1,1.0,1.0,1.0,1.0,,0.0,,0.0,,0.0,79,74,0.9367,42.0,39.0,0.9286,37.0,35.0,0.9459,1.0,1.0,1.0,36.0,34.0,0.9444
博雅学院&人文社会科学高等研究院,2022,硕士生毕业,36,34.0,0.9444,32.0,0.8889,2.0,0.0556,1.0,0.0278,1.0,0.0278,79,74,0.9367,42.0,39.0,0.9286,37.0,35.0,0.9459,1.0,1.0,1.0,36.0,34.0,0.9444
博雅学院&人文社会科学高等研究院,2022,本科生毕业,42,39.0,0.9286,9.0,0.2143,28.0,0.6667,23.0,0.5476,5.0,0.119,79,74,0.9367,42.0,39.0,0.9286,37.0,35.0,0.9459,1.0,1.0,1.0,36.0,34.0,0.9444
博雅学院&人文社会科学高等研究院,2022,小计,79,74.0,0.9367,42.0,0.5316,30.0,0.3797,24.0,0.3038,6.0,0.0759,79,74,0.9367,42.0,39.0,0.9286,37.0,35.0,0.9459,1.0,1.0,1.0,36.0,34.0,0.9444
